Price,Open,High,Low,Close,Adj Close,Volume
Ticker,LAMOSA.MX,LAMOSA.MX,LAMOSA.MX,LAMOSA.MX,LAMOSA.MX,LAMOSA.MX
Date,,,,,,
2021-01-22,37.33000183105469,37.33000183105469,37.33000183105469,37.33000183105469,34.65508270263672,0
2021-01-25,36.880001068115234,36.880001068115234,36.880001068115234,36.880001068115234,34.237327575683594,28010
2021-01-26,36.880001068115234,36.900001525878906,36.880001068115234,36.900001525878906,34.25589370727539,4356
2021-01-27,37.20000076293945,37.20000076293945,37.20000076293945,37.20000076293945,34.53439712524414,94077
2021-01-28,37.20000076293945,37.20000076293945,37.20000076293945,37.20000076293945,34.53439712524414,90922
2021-01-29,37.20000076293945,37.20000076293945,37.20000076293945,37.20000076293945,34.53439712524414,902
2021-02-02,37.20000076293945,37.20000076293945,37.20000076293945,37.20000076293945,34.53439712524414,0
2021-02-03,37.20000076293945,37.20000076293945,37.20000076293945,37.20000076293945,34.53439712524414,0
2021-02-04,37.20000076293945,37.20000076293945,37.20000076293945,37.20000076293945,34.53439712524414,0
2021-02-05,37.20000076293945,37.20000076293945,37.20000076293945,37.20000076293945,34.53439712524414,68002
2021-02-08,37.20000076293945,37.20000076293945,37.20000076293945,37.20000076293945,34.53439712524414,250003
2021-02-09,38.0,38.20000076293945,38.0,38.20000076293945,35.462738037109375,50117
2021-02-10,38.20000076293945,38.70000076293945,38.20000076293945,38.20000076293945,35.462738037109375,61017
2021-02-11,38.70000076293945,38.70000076293945,38.70000076293945,38.70000076293945,35.92691421508789,991
2021-02-12,38.689998626708984,39.0,38.5,39.0,36.20541763305664,569973
2021-02-15,39.0,39.0,38.70000076293945,38.70000076293945,35.92691421508789,1100
2021-02-16,38.70000076293945,39.0,38.70000076293945,39.0,36.20541763305664,66434
2021-02-17,39.20000076293945,41.0,39.20000076293945,41.0,38.06209945678711,370037
2021-02-18,41.5,42.0,41.5,42.0,38.99044418334961,1214575
2021-02-19,42.0,42.0,42.0,42.0,38.99044418334961,0
2021-02-22,42.0,42.0,42.0,42.0,38.99044418334961,0
2021-02-23,42.0,42.0,42.0,42.0,38.99044418334961,0
2021-02-24,42.0,42.0,42.0,42.0,38.99044418334961,0
2021-02-25,42.0,42.0,42.0,42.0,38.99044418334961,0
2021-02-26,42.5,46.0,42.5,45.0,41.775482177734375,198966
2021-03-01,44.0,45.5,39.0,45.0,41.775482177734375,78948
2021-03-02,45.0,45.0,43.0,43.0,39.91878890991211,189424
2021-03-03,42.0,44.0,42.0,44.0,40.847137451171875,103480
2021-03-04,44.0,44.0,44.0,44.0,40.847137451171875,0
2021-03-05,44.0,44.0,44.0,44.0,40.847137451171875,0
2021-03-08,44.0,44.0,44.0,44.0,40.847137451171875,0
2021-03-09,44.0,45.09000015258789,44.0,45.09000015258789,41.85902786254883,5798
2021-03-10,45.09000015258789,45.09000015258789,45.09000015258789,45.09000015258789,41.85902786254883,0
2021-03-11,45.09000015258789,45.09000015258789,45.09000015258789,45.09000015258789,41.85902786254883,0
2021-03-12,44.900001525878906,44.900001525878906,44.900001525878906,44.900001525878906,41.682640075683594,526
2021-03-16,44.900001525878906,44.900001525878906,44.900001525878906,44.900001525878906,41.682640075683594,0
2021-03-17,44.5,44.88999938964844,44.5,44.88999938964844,41.67335891723633,4360
2021-03-18,44.88999938964844,44.88999938964844,44.88999938964844,44.88999938964844,41.67335891723633,0
2021-03-19,44.9900016784668,44.9900016784668,44.20000076293945,44.5,41.31130599975586,1594
2021-03-22,44.0,44.0,44.0,44.0,40.847137451171875,4999
2021-03-23,43.16999816894531,43.83000183105469,43.0,43.83000183105469,41.548622131347656,19450
2021-03-24,43.959999084472656,44.0,43.959999084472656,44.0,41.70977020263672,160068
2021-03-25,44.38999938964844,44.400001525878906,44.0,44.400001525878906,42.088951110839844,117528
2021-03-26,44.0,44.400001525878906,43.5,44.25,41.94675827026367,440997
2021-03-29,43.599998474121094,44.400001525878906,43.599998474121094,44.400001525878906,42.088951110839844,141201
2021-03-30,44.18000030517578,44.18000030517578,44.0,44.0,41.70977020263672,5502
2021-03-31,44.0,44.0,44.0,44.0,41.70977020263672,204
2021-04-05,43.0,43.0,43.0,43.0,40.761817932128906,60031
2021-04-06,43.0,44.0,42.25,44.0,41.70977020263672,100396
2021-04-07,44.0,44.0,44.0,44.0,41.70977020263672,0
2021-04-08,43.0,43.0,43.0,43.0,40.761817932128906,100520
2021-04-09,42.75,43.5,42.5,43.5,41.23579025268555,110722
2021-04-12,43.45000076293945,44.0,43.0,44.0,41.70977020263672,3134
2021-04-13,44.0,44.0,44.0,44.0,41.70977020263672,2000
2021-04-14,43.0,44.0,43.0,44.0,41.70977020263672,1000112
2021-04-15,44.0,44.0,44.0,44.0,41.70977020263672,0
2021-04-16,44.0,44.0,44.0,44.0,41.70977020263672,0
2021-04-19,42.68000030517578,43.9900016784668,42.0,42.0,39.81386947631836,50727
2021-04-20,42.09000015258789,42.09000015258789,42.0,42.0,39.81386947631836,6186
2021-04-21,42.0,42.0,42.0,42.0,39.81386947631836,0
2021-04-22,41.15999984741211,42.0,41.15999984741211,42.0,39.81386947631836,1029513
2021-04-23,42.0,42.0,42.0,42.0,39.81386947631836,0
2021-04-26,42.0,42.0,42.0,42.0,39.81386947631836,0
2021-04-27,42.0,42.0,42.0,42.0,39.81386947631836,0
2021-04-28,42.0,42.0,42.0,42.0,39.81386947631836,0
2021-04-29,42.0,42.0,42.0,42.0,39.81386947631836,1000010
2021-04-30,42.0,42.0,42.0,42.0,39.81386947631836,0
2021-05-03,42.40999984741211,42.40999984741211,42.0,42.0,39.81386947631836,15214
2021-05-04,42.0,42.0,42.0,42.0,39.81386947631836,0
2021-05-05,42.0,42.0,42.0,42.0,39.81386947631836,0
2021-05-06,42.0,42.0,42.0,42.0,39.81386947631836,0
2021-05-07,43.599998474121094,43.599998474121094,43.599998474121094,43.599998474121094,41.33058547973633,46326
2021-05-10,43.54999923706055,43.54999923706055,43.54999923706055,43.54999923706055,41.2831916809082,151
2021-05-11,43.7599983215332,43.7599983215332,43.7599983215332,43.7599983215332,41.48225784301758,202
2021-05-12,45.0,45.0,45.0,45.0,42.65771484375,100049
2021-05-13,45.0,45.0,45.0,45.0,42.65771484375,0
2021-05-14,45.02000045776367,45.900001525878906,45.0,45.900001525878906,43.5108757019043,26119
2021-05-17,46.0,46.0,46.0,46.0,43.60566711425781,24930
2021-05-18,46.0,46.0,46.0,46.0,43.60566711425781,0
2021-05-19,48.5,48.5,48.5,48.5,45.97554397583008,2500211
2021-05-20,48.5,48.5,48.5,48.5,45.97554397583008,1766156
2021-05-21,48.5,48.5,48.5,48.5,45.97554397583008,0
2021-05-24,48.5,48.5,48.5,48.5,45.97554397583008,0
2021-05-25,48.5,48.5,48.5,48.5,45.97554397583008,0
2021-05-26,48.5,48.5,48.5,48.5,45.97554397583008,0
2021-05-27,51.0,51.0,51.0,51.0,48.34541320800781,25035
2021-05-28,51.5,51.5,51.5,51.5,48.81938552856445,15164
2021-05-31,51.5,51.5,51.5,51.5,48.81938552856445,0
2021-06-01,53.0,53.0,50.349998474121094,50.349998474121094,47.729244232177734,63182
2021-06-02,50.349998474121094,50.349998474121094,50.349998474121094,50.349998474121094,47.729244232177734,0
2021-06-03,50.349998474121094,50.349998474121094,50.349998474121094,50.349998474121094,47.729244232177734,0
2021-06-04,50.349998474121094,50.349998474121094,50.349998474121094,50.349998474121094,47.729244232177734,0
2021-06-07,50.5,50.5,50.5,50.5,47.871437072753906,102119
2021-06-08,50.0,50.0,50.0,50.0,47.397464752197266,33048
2021-06-09,48.0,49.0,48.0,49.0,46.44950866699219,6133
2021-06-10,51.0,52.0,51.0,52.0,49.29336166381836,12701
2021-06-11,52.0,52.0,52.0,52.0,49.29336166381836,2144
2021-06-14,52.0,52.5,48.5099983215332,51.0,48.34541320800781,44693
2021-06-15,51.0,51.0,51.0,51.0,48.34541320800781,40141
2021-06-16,51.0,51.0,51.0,51.0,48.34541320800781,0
2021-06-17,51.0,51.0,51.0,51.0,48.34541320800781,0
2021-06-18,51.0,51.0,51.0,51.0,48.34541320800781,0
2021-06-21,51.0,51.0,51.0,51.0,48.34541320800781,0
2021-06-22,51.0,51.0,51.0,51.0,48.34541320800781,0
2021-06-23,51.0,51.0,51.0,51.0,48.34541320800781,182
2021-06-24,51.0,51.0,51.0,51.0,48.34541320800781,0
2021-06-25,51.0,51.0,51.0,51.0,48.34541320800781,0
2021-06-28,51.0,51.0,51.0,51.0,48.34541320800781,0
2021-06-29,51.0,51.0,51.0,51.0,48.34541320800781,10460
2021-06-30,52.0,52.0,52.0,52.0,49.29336166381836,89997
2021-07-01,51.0,51.0,50.0,50.0,47.397464752197266,63649
2021-07-02,50.0,50.0,50.0,50.0,47.397464752197266,2020
2021-07-05,50.0,50.0,50.0,50.0,47.397464752197266,0
2021-07-06,50.0,50.0,50.0,50.0,47.397464752197266,122225
2021-07-07,49.0,49.9900016784668,49.0,49.9900016784668,47.38798904418945,6067
2021-07-08,49.9900016784668,49.9900016784668,49.9900016784668,49.9900016784668,47.38798904418945,0
2021-07-09,49.9900016784668,49.9900016784668,49.9900016784668,49.9900016784668,47.38798904418945,2020
2021-07-12,49.9900016784668,49.9900016784668,49.9900016784668,49.9900016784668,47.38798904418945,0
2021-07-13,49.9900016784668,50.0,49.9900016784668,50.0,47.397464752197266,100000
2021-07-14,50.0,50.0,50.0,50.0,47.397464752197266,0
2021-07-15,50.0,50.0,50.0,50.0,47.397464752197266,0
2021-07-16,50.0,50.0,50.0,50.0,47.397464752197266,0
2021-07-19,48.4900016784668,48.4900016784668,48.0,48.0,45.501564025878906,1215
2021-07-20,48.0,48.0,48.0,48.0,45.501564025878906,0
2021-07-21,48.0,48.0,48.0,48.0,45.501564025878906,0
2021-07-22,49.0,49.349998474121094,49.0,49.349998474121094,46.78129577636719,16244
2021-07-23,49.349998474121094,49.36000061035156,49.349998474121094,49.36000061035156,46.79077911376953,45385
2021-07-26,49.36000061035156,49.36000061035156,49.36000061035156,49.36000061035156,46.79077911376953,0
2021-07-27,49.36000061035156,49.36000061035156,49.36000061035156,49.36000061035156,46.79077911376953,0
2021-07-28,49.5,49.5,49.5,49.5,46.92348861694336,510
2021-07-29,49.5,50.0,49.5,50.0,47.397464752197266,356645
2021-07-30,51.0,51.0,51.0,51.0,48.34541320800781,80096
2021-08-02,51.0,51.0,51.0,51.0,48.34541320800781,0
2021-08-03,53.0,53.0,52.5,52.5,49.767337799072266,23799
2021-08-04,53.0,53.0,53.0,53.0,50.24131393432617,3692
2021-08-05,53.0,53.0,53.0,53.0,50.24131393432617,0
2021-08-06,53.0,53.0,53.0,53.0,50.24131393432617,0
2021-08-09,53.29999923706055,53.29999923706055,53.29999923706055,53.29999923706055,50.52568817138672,201
2021-08-10,53.29999923706055,53.29999923706055,53.29999923706055,53.29999923706055,50.52568817138672,0
2021-08-11,53.29999923706055,53.29999923706055,53.29999923706055,53.29999923706055,50.52568817138672,0
2021-08-12,53.29999923706055,53.29999923706055,53.29999923706055,53.29999923706055,50.52568817138672,0
2021-08-13,55.04999923706055,57.400001525878906,55.04999923706055,57.400001525878906,54.41229248046875,12505
2021-08-16,58.599998474121094,58.599998474121094,58.599998474121094,58.599998474121094,55.549827575683594,193
2021-08-17,58.599998474121094,58.599998474121094,58.599998474121094,58.599998474121094,55.549827575683594,0
2021-08-18,63.0,65.0,63.0,65.0,61.61669921875,501
2021-08-19,65.0,65.0,65.0,65.0,61.61669921875,0
2021-08-20,67.05000305175781,67.05000305175781,67.0,67.0,63.512603759765625,5374
2021-08-23,67.0,67.0,67.0,67.0,63.512603759765625,0
2021-08-24,67.0,67.0,67.0,67.0,63.512603759765625,11026
2021-08-25,67.0,67.0,67.0,67.0,63.512603759765625,0
2021-08-26,67.0,67.0,67.0,67.0,63.512603759765625,0
2021-08-27,66.5,67.0,60.0099983215332,66.9800033569336,63.4936408996582,124880
2021-08-30,66.9800033569336,66.9800033569336,66.9800033569336,66.9800033569336,63.4936408996582,0
2021-08-31,66.9800033569336,66.9800033569336,66.9800033569336,66.9800033569336,63.4936408996582,0
2021-09-01,66.9800033569336,66.9800033569336,66.9800033569336,66.9800033569336,63.4936408996582,0
2021-09-02,69.5,69.5,69.5,69.5,65.88247680664062,478
2021-09-03,69.5,69.5,69.5,69.5,65.88247680664062,658
2021-09-06,69.5,69.5,69.5,69.5,65.88247680664062,0
2021-09-07,69.5,69.5,69.5,69.5,65.88247680664062,510
2021-09-08,69.5,69.5,69.5,69.5,65.88247680664062,906
2021-09-09,69.5,69.5,69.5,69.5,65.88247680664062,0
2021-09-10,69.0,69.0,69.0,69.0,65.40850067138672,10037
2021-09-13,69.0,69.0,69.0,69.0,65.40850067138672,0
2021-09-14,69.0,69.0,69.0,69.0,65.40850067138672,0
2021-09-15,68.0,68.0,68.0,68.0,64.4605484008789,1941
2021-09-17,68.0,68.0,68.0,68.0,64.4605484008789,0
2021-09-20,68.0,69.0,68.0,68.0,64.4605484008789,96586
2021-09-21,68.0,68.0,68.0,68.0,64.4605484008789,0
2021-09-22,66.0,68.30000305175781,66.0,68.30000305175781,64.74493408203125,12964
2021-09-23,68.30000305175781,68.30000305175781,68.30000305175781,68.30000305175781,64.74493408203125,0
2021-09-24,70.0,70.0,70.0,70.0,66.3564453125,201
2021-09-27,70.0,70.0,70.0,70.0,66.3564453125,0
2021-09-28,72.0,72.0,72.0,72.0,68.2523422241211,50024
2021-09-29,72.0,72.0,72.0,72.0,68.2523422241211,5926
2021-09-30,72.0,72.0,72.0,72.0,68.2523422241211,1527
2021-10-01,72.0,72.0,72.0,72.0,68.2523422241211,548
2021-10-04,72.0,72.0,72.0,72.0,68.2523422241211,0
2021-10-05,72.0,72.0,72.0,72.0,68.2523422241211,0
2021-10-06,72.0,72.0,72.0,72.0,68.2523422241211,0
2021-10-07,72.0,72.0,72.0,72.0,68.2523422241211,0
2021-10-08,70.9000015258789,70.9000015258789,70.9000015258789,70.9000015258789,67.20960235595703,223
2021-10-11,70.9000015258789,70.9000015258789,70.9000015258789,70.9000015258789,67.20960235595703,2007
2021-10-12,70.9000015258789,70.9000015258789,70.9000015258789,70.9000015258789,67.20960235595703,4805
2021-10-13,70.9000015258789,70.9000015258789,70.9000015258789,70.9000015258789,67.20960235595703,661
2021-10-14,70.9000015258789,70.9000015258789,70.9000015258789,70.9000015258789,67.20960235595703,1749
2021-10-15,70.0,70.0,69.9000015258789,70.0,66.3564453125,934
2021-10-18,70.0,70.0,70.0,70.0,66.3564453125,463
2021-10-19,70.0,70.0,70.0,70.0,66.3564453125,7118
2021-10-20,72.0,72.0,71.5999984741211,71.5999984741211,67.87316131591797,2219662
2021-10-21,71.4000015258789,71.4000015258789,71.4000015258789,71.4000015258789,67.68358612060547,135
2021-10-22,71.69999694824219,71.69999694824219,71.69999694824219,71.69999694824219,67.96795654296875,3776
2021-10-25,71.69999694824219,71.69999694824219,71.69999694824219,71.69999694824219,67.96795654296875,0
2021-10-26,71.69999694824219,71.69999694824219,71.69999694824219,71.69999694824219,67.96795654296875,0
2021-10-27,72.0,72.0,72.0,72.0,68.2523422241211,107
2021-10-28,73.0,74.4000015258789,73.0,74.4000015258789,70.52742004394531,60181
2021-10-29,74.4000015258789,74.4000015258789,74.4000015258789,74.4000015258789,70.52742004394531,0
2021-11-01,74.4000015258789,74.4000015258789,74.4000015258789,74.4000015258789,70.52742004394531,0
2021-11-03,75.0,75.0,75.0,75.0,71.09619140625,4642
2021-11-04,80.0,80.0,80.0,80.0,75.83594512939453,141
2021-11-05,80.0,80.0,80.0,80.0,75.83594512939453,0
2021-11-08,80.0,80.0,80.0,80.0,75.83594512939453,0
2021-11-09,80.0,80.0,80.0,80.0,75.83594512939453,0
2021-11-10,82.5,82.5,82.5,82.5,78.205810546875,415
2021-11-11,83.0,83.0,83.0,83.0,78.67979431152344,4677
2021-11-12,85.0,85.0,85.0,85.0,80.57569122314453,200
2021-11-16,85.0,85.5,85.0,85.0,80.57569122314453,11677
2021-11-17,85.0,85.0,85.0,85.0,80.57569122314453,0
2021-11-18,85.0,85.0,85.0,85.0,80.57569122314453,0
2021-11-19,85.0,85.0,85.0,85.0,80.57569122314453,0
2021-11-22,85.0,85.0,85.0,85.0,80.57569122314453,0
2021-11-23,85.0,85.0,85.0,85.0,80.57569122314453,0
2021-11-24,85.0,85.0,85.0,85.0,80.57569122314453,0
2021-11-25,88.5,88.5,88.5,88.5,83.89351654052734,104
2021-11-26,90.0,95.52999877929688,90.0,95.52999877929688,90.5575942993164,862
2021-11-29,95.52999877929688,95.52999877929688,95.52999877929688,95.52999877929688,90.5575942993164,0
2021-11-30,99.0,99.0,95.52999877929688,95.52999877929688,90.5575942993164,1090
2021-12-01,95.52999877929688,95.52999877929688,95.52999877929688,95.52999877929688,90.5575942993164,3349
2021-12-02,98.0,98.0,95.0,95.0,90.05517578125,2839
2021-12-03,95.0,95.0,95.0,95.0,90.05517578125,332
2021-12-06,95.0,95.0,95.0,95.0,90.05517578125,9305
2021-12-07,95.4000015258789,95.4000015258789,95.4000015258789,95.4000015258789,90.43435668945312,159
2021-12-08,95.4000015258789,95.4000015258789,95.4000015258789,95.4000015258789,90.43435668945312,167
2021-12-09,95.30000305175781,95.30000305175781,95.30000305175781,95.30000305175781,90.33956909179688,145
2021-12-10,95.0,95.0,95.0,95.0,90.05517578125,5073
2021-12-13,95.0,95.0,95.0,95.0,90.05517578125,0
2021-12-14,95.0,95.0,95.0,95.0,90.05517578125,0
2021-12-15,98.0,98.0,98.0,98.0,92.89901733398438,310
2021-12-16,98.0,98.0,98.0,98.0,92.89901733398438,0
2021-12-17,102.94000244140625,102.94000244140625,102.94000244140625,102.94000244140625,97.58190155029297,647
2021-12-20,106.02999877929688,106.5,106.02999877929688,106.5,100.95658874511719,519
2021-12-21,107.0,107.0,106.02999877929688,106.02999877929688,100.51106262207031,3955
2021-12-22,106.02999877929688,109.0,106.02999877929688,109.0,103.32647705078125,70370
2021-12-23,109.0,109.0,109.0,109.0,103.32647705078125,1907
2021-12-24,109.0,109.0,109.0,109.0,103.32647705078125,0
2021-12-27,109.0,109.0,109.0,109.0,103.32647705078125,0
2021-12-28,109.0,109.0,109.0,109.0,103.32647705078125,0
2021-12-29,109.0,109.0,109.0,109.0,103.32647705078125,0
2021-12-30,109.0,109.0,109.0,109.0,103.32647705078125,529
2021-12-31,113.0,113.0,113.0,113.0,107.11827087402344,1634
2022-01-03,113.0,113.0,113.0,113.0,107.11827087402344,152
2022-01-04,113.0,113.0,113.0,113.0,107.11827087402344,0
2022-01-05,113.0,113.0,113.0,113.0,107.11827087402344,0
2022-01-06,120.0,123.5199966430664,120.0,120.75,114.46487426757812,2277
2022-01-07,125.0,125.0,118.0,120.0,113.75391387939453,51671
2022-01-10,120.0,120.0,120.0,120.0,113.75391387939453,0
2022-01-11,120.0,120.0,120.0,120.0,113.75391387939453,433
2022-01-12,120.0,120.0,120.0,120.0,113.75391387939453,0
2022-01-13,118.0,119.0,118.0,118.26000213623047,112.10447692871094,2020109
2022-01-14,120.0,120.0,120.0,120.0,113.75391387939453,203
2022-01-17,120.0,120.0,120.0,120.0,113.75391387939453,50473
2022-01-18,120.0,120.0,120.0,120.0,113.75391387939453,0
2022-01-19,120.0,120.0,120.0,120.0,113.75391387939453,0
2022-01-20,120.0,120.0,120.0,120.0,113.75391387939453,0
2022-01-21,117.5,117.5,113.0,114.0,108.06621551513672,500499
2022-01-24,114.0,114.0,114.0,114.0,108.06621551513672,0
2022-01-25,101.69999694824219,114.0,101.69999694824219,114.0,108.06621551513672,18925
2022-01-26,114.0,122.0,114.0,120.0,113.75391387939453,91485
2022-01-27,125.0,125.0,125.0,125.0,118.49365997314453,1151
2022-01-28,130.0,130.0,120.72000122070312,120.7300033569336,114.44591522216797,18916
2022-01-31,120.7300033569336,120.7300033569336,120.7300033569336,120.7300033569336,114.44591522216797,0
2022-02-01,118.0,121.0,118.0,121.0,114.70185852050781,488
2022-02-02,121.0,121.0,121.0,121.0,114.70185852050781,0
2022-02-03,121.0,121.0,121.0,121.0,114.70185852050781,0
2022-02-04,121.0,121.0,121.0,121.0,114.70185852050781,0
2022-02-08,120.0,120.0,120.0,120.0,113.75391387939453,1541
2022-02-09,120.0,120.0,120.0,120.0,113.75391387939453,0
2022-02-10,122.19000244140625,122.19000244140625,122.19000244140625,122.19000244140625,115.82991790771484,2009
2022-02-11,120.0,122.0,120.0,122.0,115.6498031616211,150364
2022-02-14,122.0,122.0,122.0,122.0,115.6498031616211,0
2022-02-15,122.0,122.0,122.0,122.0,115.6498031616211,0
2022-02-16,122.0,122.0,122.0,122.0,115.6498031616211,0
2022-02-17,120.0,120.0,120.0,120.0,113.75391387939453,3037
2022-02-18,120.19999694824219,122.0,120.19999694824219,122.0,115.6498031616211,3727
2022-02-21,122.0,122.0,122.0,122.0,115.6498031616211,3158
2022-02-22,122.0,122.0,122.0,122.0,115.6498031616211,0
2022-02-23,100.0,122.0,100.0,122.0,115.6498031616211,813
2022-02-24,122.0,122.0,122.0,122.0,115.6498031616211,0
2022-02-25,122.0,122.0,122.0,122.0,115.6498031616211,0
2022-02-28,122.0,122.0,121.98999786376953,121.98999786376953,115.64032745361328,1237
2022-03-01,121.98999786376953,121.98999786376953,121.98999786376953,121.98999786376953,115.64032745361328,0
2022-03-02,121.98999786376953,121.98999786376953,121.98999786376953,121.98999786376953,115.64032745361328,0
2022-03-03,121.98999786376953,121.98999786376953,121.98999786376953,121.98999786376953,115.64032745361328,180
2022-03-04,121.98999786376953,121.98999786376953,121.98999786376953,121.98999786376953,115.64032745361328,0
2022-03-07,121.98999786376953,121.98999786376953,121.98999786376953,121.98999786376953,115.64032745361328,0
2022-03-08,121.98999786376953,121.98999786376953,121.98999786376953,121.98999786376953,115.64032745361328,0
2022-03-09,121.98999786376953,121.98999786376953,121.98999786376953,121.98999786376953,115.64032745361328,0
2022-03-10,119.55000305175781,122.0,119.55000305175781,122.0,115.6498031616211,76960
2022-03-11,124.30000305175781,124.98999786376953,123.0,123.5,117.07173919677734,1590
2022-03-14,123.5,123.5,123.5,123.5,117.07173919677734,0
2022-03-15,123.5,123.5,123.5,123.5,117.07173919677734,0
2022-03-16,123.5,123.5,123.5,123.5,117.07173919677734,0
2022-03-17,124.0,124.0,124.0,124.0,117.54570007324219,871
2022-03-18,123.0,123.5,123.0,123.5,117.07173919677734,3982
2022-03-22,123.5,123.5,123.5,123.5,117.07173919677734,0
2022-03-23,123.5,123.5,123.5,123.5,117.07173919677734,2155
2022-03-24,125.08000183105469,125.08000183105469,123.5,123.5,117.07173919677734,2350
2022-03-25,123.5,123.5,123.5,123.5,117.07173919677734,0
2022-03-28,123.5,123.5,123.5,123.5,117.07173919677734,8250
2022-03-29,123.5,123.5,123.5,123.5,117.07173919677734,890
2022-03-30,123.5,123.5,123.5,123.5,118.17212677001953,0
2022-03-31,123.5,123.5,123.5,123.5,118.17212677001953,0
2022-04-01,123.5,123.5,123.5,123.5,118.17212677001953,4030
2022-04-04,124.0,124.0,124.0,124.0,118.65055084228516,1136
2022-04-05,124.0,124.0,124.0,124.0,118.65055084228516,10331
2022-04-06,124.0,124.0,124.0,124.0,118.65055084228516,0
2022-04-07,124.0,124.0,124.0,124.0,118.65055084228516,0
2022-04-08,124.0,124.0,124.0,124.0,118.65055084228516,0
2022-04-11,124.0,124.0,124.0,124.0,118.65055084228516,0
2022-04-12,124.0,124.0,124.0,124.0,118.65055084228516,0
2022-04-13,124.0,124.0,124.0,124.0,118.65055084228516,0
2022-04-18,124.0,124.0,124.0,124.0,118.65055084228516,0
2022-04-19,110.0,117.0,110.0,117.0,111.95252990722656,9413
2022-04-20,117.0,117.0,117.0,117.0,111.95252990722656,0
2022-04-21,117.0,117.0,117.0,117.0,111.95252990722656,0
2022-04-22,117.0,117.0,117.0,117.0,111.95252990722656,0
2022-04-25,117.0,117.0,117.0,117.0,111.95252990722656,0
2022-04-26,110.0,110.0,106.69999694824219,106.69999694824219,102.09688568115234,494
2022-04-27,106.69999694824219,106.69999694824219,106.69999694824219,106.69999694824219,102.09688568115234,0
2022-04-28,105.0999984741211,105.0999984741211,105.0999984741211,105.0999984741211,100.56591033935547,255
2022-04-29,104.0,105.0999984741211,104.0,105.0999984741211,100.56591033935547,101131
2022-05-02,105.0999984741211,105.0999984741211,105.0999984741211,105.0999984741211,100.56591033935547,0
2022-05-03,105.0999984741211,105.0999984741211,105.0999984741211,105.0999984741211,100.56591033935547,0
2022-05-04,103.94000244140625,103.94999694824219,103.94000244140625,103.94999694824219,99.46552276611328,430192
2022-05-05,103.94999694824219,103.94999694824219,103.94999694824219,103.94999694824219,99.46552276611328,0
2022-05-06,103.94999694824219,103.94999694824219,103.94999694824219,103.94999694824219,99.46552276611328,0
2022-05-09,103.94999694824219,103.94999694824219,103.94999694824219,103.94999694824219,99.46552276611328,0
2022-05-10,103.94999694824219,103.94999694824219,103.94999694824219,103.94999694824219,99.46552276611328,0
2022-05-11,102.0,105.0,102.0,105.0,100.47022247314453,631329
2022-05-12,105.0,105.0,105.0,105.0,100.47022247314453,0
2022-05-13,104.94000244140625,104.94999694824219,104.0,104.0,99.51336669921875,710659
2022-05-16,104.0,104.0,102.5,104.0,99.51336669921875,420150
2022-05-17,104.0,104.0,104.0,104.0,99.51336669921875,0
2022-05-18,104.0,104.0,104.0,104.0,99.51336669921875,0
2022-05-19,103.0,106.0,102.75,106.0,101.42709350585938,17434
2022-05-20,107.0,110.0,103.9000015258789,110.0,105.2545166015625,33472
2022-05-23,113.0,117.0,113.0,117.0,111.95252990722656,8203
2022-05-24,117.0,117.5,116.98999786376953,117.5,112.43096923828125,3050166
2022-05-25,117.5,117.5,117.5,117.5,112.43096923828125,6128
2022-05-26,117.0,117.0,117.0,117.0,111.95252990722656,5002
2022-05-27,117.0,117.0,117.0,117.0,111.95252990722656,0
2022-05-30,117.0,118.0,114.45999908447266,117.80000305175781,112.71802520751953,6905
2022-05-31,112.5,112.5,112.5,112.5,107.64666748046875,20140
2022-06-01,112.5,112.5,112.5,112.5,107.64666748046875,0
2022-06-02,112.5,112.5,112.5,112.5,107.64666748046875,1999
2022-06-03,112.5,115.0,112.5,115.0,110.038818359375,2393
2022-06-06,118.0,118.0,118.0,118.0,112.90939331054688,2187
2022-06-07,118.0,118.0,118.0,118.0,112.90939331054688,0
2022-06-08,117.98999786376953,118.0,117.98999786376953,117.98999786376953,112.89982604980469,3620
2022-06-09,117.98999786376953,117.98999786376953,117.98999786376953,117.98999786376953,112.89982604980469,2996
2022-06-10,119.98999786376953,120.0,119.98999786376953,120.0,114.8231201171875,9024
2022-06-13,120.0,120.0,120.0,120.0,114.8231201171875,0
2022-06-14,117.88999938964844,120.0,117.88999938964844,120.0,114.8231201171875,33007
2022-06-15,120.0,120.0,120.0,120.0,114.8231201171875,0
2022-06-16,120.0,120.0,120.0,120.0,114.8231201171875,0
2022-06-17,120.0,120.0,120.0,120.0,114.8231201171875,0
2022-06-20,117.0,119.9000015258789,117.0,119.9000015258789,114.72742462158203,4983
2022-06-21,119.5,119.9000015258789,119.5,119.9000015258789,114.72742462158203,10417
2022-06-22,119.9000015258789,119.98999786376953,119.9000015258789,119.98999786376953,114.81353759765625,17997
2022-06-23,119.98999786376953,119.98999786376953,119.98999786376953,119.98999786376953,114.81353759765625,0
2022-06-24,117.0,120.0,117.0,120.0,114.8231201171875,88508
2022-06-27,120.0,120.0,120.0,120.0,114.8231201171875,0
2022-06-28,119.5,121.0,119.5,121.0,115.77997589111328,33846
2022-06-29,121.0,122.0,120.0,121.06999969482422,115.84695434570312,47346
2022-06-30,120.0,122.0,120.0,122.0,116.73683166503906,9525
2022-07-01,120.44999694824219,120.44999694824219,120.44999694824219,120.44999694824219,115.25370025634766,107
2022-07-04,120.44999694824219,120.44999694824219,120.44999694824219,120.44999694824219,115.25370025634766,0
2022-07-05,115.0,115.0,115.0,115.0,110.038818359375,1020
2022-07-06,117.0,117.0,117.0,117.0,111.95252990722656,192
2022-07-07,117.0,117.0,117.0,117.0,111.95252990722656,0
2022-07-08,117.0,117.0,117.0,117.0,111.95252990722656,0
2022-07-11,117.0,117.0,117.0,117.0,111.95252990722656,0
2022-07-12,117.0,117.0,117.0,117.0,111.95252990722656,0
2022-07-13,117.0,117.0,117.0,117.0,111.95252990722656,0
2022-07-14,117.0,117.0,117.0,117.0,111.95252990722656,0
2022-07-15,117.0,117.0,117.0,117.0,111.95252990722656,0
2022-07-18,117.0,117.0,117.0,117.0,111.95252990722656,0
2022-07-19,117.0,117.0,117.0,117.0,111.95252990722656,0
2022-07-20,116.98999786376953,116.98999786376953,116.98999786376953,116.98999786376953,111.9429702758789,403
2022-07-21,116.9800033569336,116.9800033569336,116.9800033569336,116.9800033569336,111.93339538574219,104
2022-07-22,116.9800033569336,116.9800033569336,116.9800033569336,116.9800033569336,111.93339538574219,0
2022-07-25,116.9800033569336,116.9800033569336,116.9800033569336,116.9800033569336,111.93339538574219,0
2022-07-26,116.9800033569336,116.9800033569336,116.9800033569336,116.9800033569336,111.93339538574219,29949
2022-07-27,116.9800033569336,116.9800033569336,116.9800033569336,116.9800033569336,111.93339538574219,0
2022-07-28,116.9800033569336,116.9800033569336,116.9800033569336,116.9800033569336,111.93339538574219,0
2022-07-29,114.9000015258789,116.9800033569336,114.9000015258789,116.9800033569336,111.93339538574219,16695
2022-08-01,115.9000015258789,117.0,115.9000015258789,117.0,111.95252990722656,20100
2022-08-02,116.0,116.0,115.0,116.0,110.99568176269531,31613
2022-08-03,114.0,115.0,113.97000122070312,115.0,110.038818359375,90137
2022-08-04,115.0,115.0,115.0,115.0,110.038818359375,0
2022-08-05,115.0,115.0,115.0,115.0,110.038818359375,0
2022-08-08,114.0,115.98999786376953,114.0,115.98999786376953,110.9861068725586,30005
2022-08-09,115.98999786376953,115.98999786376953,115.98999786376953,115.98999786376953,110.9861068725586,0
2022-08-10,115.5,115.88999938964844,115.5,115.88999938964844,110.89041900634766,30018
2022-08-11,115.48999786376953,115.48999786376953,115.48999786376953,115.48999786376953,110.50767517089844,13011
2022-08-12,115.48999786376953,115.48999786376953,115.48999786376953,115.48999786376953,110.50767517089844,0
2022-08-15,113.0,115.0,113.0,115.0,110.038818359375,28000
2022-08-16,102.0,102.0,102.0,102.0,97.59964752197266,100
2022-08-17,112.0,114.5,112.0,114.5,109.56038665771484,12762
2022-08-18,114.5,114.5,114.5,114.5,109.56038665771484,0
2022-08-19,112.0,112.0,112.0,112.0,107.1682357788086,100
2022-08-22,112.0,113.5,111.94000244140625,113.5,108.60353088378906,8066
2022-08-23,113.94999694824219,113.94999694824219,113.94999694824219,113.94999694824219,109.03411102294922,10009
2022-08-24,114.0,114.5999984741211,114.0,114.5999984741211,109.65606689453125,11009
2022-08-25,114.5,114.5,114.5,114.5,109.56038665771484,3002
2022-08-26,111.5,113.5,111.5,113.5,108.60353088378906,6230
2022-08-29,113.5,113.5,113.5,113.5,108.60353088378906,0
2022-08-30,111.0,113.5,111.0,113.5,108.60353088378906,16991
2022-08-31,113.5,113.5,113.5,113.5,108.60353088378906,0
2022-09-01,111.0,111.0,111.0,111.0,106.21138763427734,400
2022-09-02,111.0,111.0,111.0,111.0,106.21138763427734,0
2022-09-05,111.0,113.19999694824219,111.0,113.19999694824219,108.31646728515625,336159
2022-09-06,113.19999694824219,113.19999694824219,113.19999694824219,113.19999694824219,108.31646728515625,0
2022-09-07,113.19999694824219,113.5,113.19999694824219,113.5,108.60353088378906,12800
2022-09-08,111.2300033569336,113.5,111.2300033569336,113.5,108.60353088378906,420
2022-09-09,113.5,113.5,113.5,113.5,108.60353088378906,1004
2022-09-12,113.5,113.5,113.5,113.5,108.60353088378906,0
2022-09-13,113.5,113.5,113.5,113.5,108.60353088378906,0
2022-09-14,115.0,115.0999984741211,113.5,115.0999984741211,110.13450622558594,95907
2022-09-15,115.0999984741211,115.0999984741211,115.0999984741211,115.0999984741211,110.13450622558594,0
2022-09-19,115.0999984741211,115.0999984741211,115.0999984741211,115.0999984741211,110.13450622558594,0
2022-09-20,115.0,115.0999984741211,115.0,115.0999984741211,110.13450622558594,9921
2022-09-21,115.0,115.0,114.94999694824219,114.94999694824219,109.990966796875,21011
2022-09-22,115.0,115.0,115.0,115.0,110.038818359375,941
2022-09-23,115.0,115.0,115.0,115.0,110.038818359375,1000
2022-09-26,115.0,115.0,115.0,115.0,110.038818359375,562
2022-09-27,115.0,115.0,115.0,115.0,110.038818359375,1000
2022-09-28,115.0,115.01000213623047,115.0,115.01000213623047,110.04838562011719,5489
2022-09-29,116.0,116.0,115.88999938964844,115.88999938964844,110.89041900634766,59843
2022-09-30,115.88999938964844,115.88999938964844,115.88999938964844,115.88999938964844,110.89041900634766,0
2022-10-03,115.88999938964844,115.88999938964844,115.88999938964844,115.88999938964844,110.89041900634766,0
2022-10-04,115.9000015258789,115.9000015258789,115.9000015258789,115.9000015258789,110.89999389648438,443
2022-10-05,115.9000015258789,115.9000015258789,115.9000015258789,115.9000015258789,110.89999389648438,0
2022-10-06,115.9000015258789,115.9000015258789,115.9000015258789,115.9000015258789,110.89999389648438,0
2022-10-07,115.5,115.5,115.5,115.5,110.51724243164062,856
2022-10-10,115.5,115.5,115.5,115.5,110.51724243164062,0
2022-10-11,115.5,115.5,115.5,115.5,110.51724243164062,0
2022-10-12,115.5,115.5,115.5,115.5,110.51724243164062,0
2022-10-13,115.5,115.5,115.5,115.5,110.51724243164062,0
2022-10-14,115.5,115.5,115.5,115.5,110.51724243164062,0
2022-10-17,115.5,115.5,115.5,115.5,110.51724243164062,0
2022-10-18,115.5,115.5,115.5,115.5,110.51724243164062,0
2022-10-19,113.19000244140625,113.19000244140625,113.19000244140625,113.19000244140625,108.3069076538086,204
2022-10-20,113.19000244140625,113.19000244140625,113.19000244140625,113.19000244140625,108.3069076538086,0
2022-10-21,113.0,114.5,113.0,114.5,109.56038665771484,995
2022-10-24,114.5,114.5,114.5,114.5,109.56038665771484,0
2022-10-25,114.5,114.5,114.5,114.5,109.56038665771484,0
2022-10-26,114.5,114.5,114.5,114.5,109.56038665771484,0
2022-10-27,114.30000305175781,115.0,114.0,114.5,109.56038665771484,46364
2022-10-28,114.5,114.5,114.4000015258789,114.5,109.56038665771484,77480
2022-10-31,114.5,114.5,114.5,114.5,109.56038665771484,89303
2022-11-01,114.0,114.5,114.0,114.5,109.56038665771484,100000
2022-11-03,114.5,114.5,114.5,114.5,109.56038665771484,86730
2022-11-04,114.5,115.9000015258789,114.5,115.9000015258789,110.89999389648438,2000
2022-11-07,115.9000015258789,115.9000015258789,115.9000015258789,115.9000015258789,110.89999389648438,0
2022-11-08,115.0,115.0,114.98999786376953,114.98999786376953,110.02924346923828,77786
2022-11-09,115.0,115.0,114.98999786376953,114.98999786376953,110.02924346923828,77697
2022-11-10,115.0,115.0,115.0,115.0,110.038818359375,30000
2022-11-11,115.0,115.0,115.0,115.0,110.038818359375,0
2022-11-14,114.69999694824219,115.0,114.69999694824219,115.0,110.038818359375,26349
2022-11-15,115.0,115.0,115.0,115.0,110.038818359375,19989
2022-11-16,115.22000122070312,115.25,114.9000015258789,115.25,110.27803039550781,28787
2022-11-17,115.25,115.25,115.25,115.25,110.27803039550781,0
2022-11-18,115.25,115.25,115.25,115.25,110.27803039550781,0
2022-11-22,115.98999786376953,115.98999786376953,115.98999786376953,115.98999786376953,110.9861068725586,294
2022-11-23,115.0,115.0,115.0,115.0,110.038818359375,125000
2022-11-24,115.0,115.0,115.0,115.0,110.038818359375,0
2022-11-25,114.9000015258789,114.9000015258789,114.9000015258789,114.9000015258789,109.94313049316406,29999
2022-11-28,114.9000015258789,115.0,114.9000015258789,115.0,110.038818359375,95198
2022-11-29,115.0,115.0,115.0,115.0,110.038818359375,46752
2022-11-30,115.0,115.0,115.0,115.0,110.038818359375,0
2022-12-01,114.5,115.0,114.5,115.0,110.038818359375,38265
2022-12-02,115.0,115.0,115.0,115.0,110.038818359375,0
2022-12-05,115.0,115.0,114.98999786376953,115.0,110.038818359375,29900
2022-12-06,115.0,115.0,115.0,115.0,110.038818359375,0
2022-12-07,115.0,115.0,114.98999786376953,115.0,110.038818359375,29994
2022-12-08,114.98999786376953,116.4000015258789,114.98999786376953,115.0,110.038818359375,46094
2022-12-09,115.0,115.0,115.0,115.0,110.038818359375,0
2022-12-13,115.0,115.0,115.0,115.0,110.038818359375,0
2022-12-14,114.0,115.0,114.0,115.0,110.038818359375,28521
2022-12-15,115.0,115.0,115.0,115.0,110.038818359375,30025
2022-12-16,115.12000274658203,115.12999725341797,115.12000274658203,115.12999725341797,110.1632080078125,286
2022-12-19,115.12999725341797,115.12999725341797,115.12999725341797,115.12999725341797,110.1632080078125,0
2022-12-20,115.12999725341797,115.12999725341797,115.12999725341797,115.12999725341797,110.1632080078125,0
2022-12-21,115.12999725341797,115.12999725341797,115.12999725341797,115.12999725341797,110.1632080078125,0
2022-12-22,114.75,114.75,114.75,114.75,109.79960632324219,2004
2022-12-23,114.75,114.75,114.75,114.75,109.79960632324219,0
2022-12-26,114.75,114.98999786376953,114.75,114.98999786376953,110.02924346923828,34856
2022-12-27,114.98999786376953,114.98999786376953,114.98999786376953,114.98999786376953,110.02924346923828,0
2022-12-28,114.98999786376953,114.98999786376953,114.98999786376953,114.98999786376953,110.02924346923828,40000
2022-12-29,114.98999786376953,114.98999786376953,114.98999786376953,114.98999786376953,110.02924346923828,250
2022-12-30,114.98999786376953,114.98999786376953,114.98999786376953,114.98999786376953,110.02924346923828,0
2023-01-02,114.98999786376953,114.98999786376953,114.98999786376953,114.98999786376953,110.02924346923828,0
2023-01-03,114.98999786376953,114.98999786376953,114.98999786376953,114.98999786376953,110.02924346923828,0
2023-01-04,111.3499984741211,114.5,111.3499984741211,114.5,109.56038665771484,278
2023-01-05,114.48999786376953,114.48999786376953,114.48999786376953,114.48999786376953,109.55081939697266,112
2023-01-06,114.48999786376953,114.48999786376953,114.48999786376953,114.48999786376953,109.55081939697266,0
2023-01-09,114.48999786376953,114.48999786376953,114.48999786376953,114.48999786376953,109.55081939697266,0
2023-01-10,114.48999786376953,114.48999786376953,114.48999786376953,114.48999786376953,109.55081939697266,0
2023-01-11,114.48999786376953,114.48999786376953,114.48999786376953,114.48999786376953,109.55081939697266,0
2023-01-12,114.48999786376953,114.48999786376953,114.48999786376953,114.48999786376953,109.55081939697266,0
2023-01-13,114.48999786376953,114.48999786376953,114.48999786376953,114.48999786376953,109.55081939697266,0
2023-01-16,114.48999786376953,114.48999786376953,114.48999786376953,114.48999786376953,109.55081939697266,0
2023-01-17,114.48999786376953,114.48999786376953,114.48999786376953,114.48999786376953,109.55081939697266,0
2023-01-18,114.48999786376953,114.48999786376953,114.48999786376953,114.48999786376953,109.55081939697266,0
2023-01-19,114.25,114.4800033569336,114.25,114.4800033569336,109.54124450683594,1846
2023-01-20,114.4800033569336,114.4800033569336,114.4800033569336,114.4800033569336,109.54124450683594,284
2023-01-23,114.4000015258789,114.4000015258789,114.4000015258789,114.4000015258789,109.46470642089844,101
2023-01-24,114.4800033569336,114.4800033569336,114.4800033569336,114.4800033569336,109.54124450683594,211
2023-01-25,114.4800033569336,114.4800033569336,114.4800033569336,114.4800033569336,109.54124450683594,0
2023-01-26,114.4000015258789,114.4000015258789,114.4000015258789,114.4000015258789,109.46470642089844,2005
2023-01-27,114.4000015258789,114.4000015258789,114.4000015258789,114.4000015258789,109.46470642089844,0
2023-01-30,114.0,114.4000015258789,114.0,114.4000015258789,109.46470642089844,724
2023-01-31,114.4000015258789,114.4000015258789,114.4000015258789,114.4000015258789,109.46470642089844,0
2023-02-01,114.4000015258789,114.4000015258789,114.4000015258789,114.4000015258789,109.46470642089844,0
2023-02-02,114.4000015258789,114.4000015258789,114.4000015258789,114.4000015258789,109.46470642089844,0
2023-02-03,114.4000015258789,114.4000015258789,114.4000015258789,114.4000015258789,109.46470642089844,0
2023-02-07,114.4000015258789,114.4000015258789,114.4000015258789,114.4000015258789,109.46470642089844,0
2023-02-08,114.4000015258789,114.4000015258789,114.4000015258789,114.4000015258789,109.46470642089844,0
2023-02-09,114.5,114.5,114.0,114.5,109.56038665771484,1823
2023-02-10,114.5,114.5,114.5,114.5,109.56038665771484,0
2023-02-13,114.5,114.5,114.5,114.5,109.56038665771484,0
2023-02-14,113.98999786376953,113.98999786376953,113.98999786376953,113.98999786376953,109.0723876953125,10800
2023-02-15,113.98999786376953,113.98999786376953,113.98999786376953,113.98999786376953,109.0723876953125,0
2023-02-16,113.9000015258789,114.0,113.9000015258789,114.0,109.08195495605469,752
2023-02-17,114.0,114.0,114.0,114.0,109.08195495605469,0
2023-02-20,114.0,114.0,114.0,114.0,109.08195495605469,0
2023-02-21,114.0,114.0,114.0,114.0,109.08195495605469,0
2023-02-22,114.0,114.0,114.0,114.0,109.08195495605469,0
2023-02-23,112.0,112.0,112.0,112.0,107.1682357788086,2000
2023-02-24,112.0,112.0,112.0,112.0,107.1682357788086,0
2023-02-27,112.0,112.0,112.0,112.0,107.1682357788086,0
2023-02-28,112.0,112.0,112.0,112.0,107.1682357788086,0
2023-03-01,114.0,114.0,113.88999938964844,114.0,109.08195495605469,2712
2023-03-02,114.0,114.0,114.0,114.0,109.08195495605469,108
2023-03-03,114.0,114.0,114.0,114.0,109.08195495605469,1957
2023-03-06,114.0,114.0,114.0,114.0,109.08195495605469,0
2023-03-07,114.0,114.0,114.0,114.0,109.08195495605469,0
2023-03-08,114.0,114.0,114.0,114.0,109.08195495605469,0
2023-03-09,114.0,114.0,114.0,114.0,109.08195495605469,0
2023-03-10,114.0,114.0,114.0,114.0,109.08195495605469,0
2023-03-13,114.0,114.0,114.0,114.0,109.08195495605469,0
2023-03-14,114.0,114.0,114.0,114.0,109.08195495605469,0
2023-03-15,114.0,114.0,114.0,114.0,109.08195495605469,0
2023-03-16,114.0,114.0,114.0,114.0,109.08195495605469,0
2023-03-17,114.0,114.9000015258789,114.0,114.9000015258789,109.94313049316406,3680
2023-03-21,114.9000015258789,114.9000015258789,114.9000015258789,114.9000015258789,109.94313049316406,0
2023-03-22,113.9800033569336,115.0,113.9800033569336,115.0,110.038818359375,148442
2023-03-23,115.0,115.0,115.0,115.0,110.038818359375,528632
2023-03-24,115.0,115.0,115.0,115.0,110.038818359375,0
2023-03-27,115.0,115.0,115.0,115.0,110.038818359375,50001
2023-03-28,115.0,115.0,115.0,115.0,110.038818359375,40597
2023-03-29,115.5,115.5,115.5,115.5,110.51724243164062,68764
2023-03-30,115.5,116.5,115.5,116.5,111.47410583496094,307356
2023-03-31,116.5,116.55000305175781,116.5,116.55000305175781,111.5219497680664,514159
2023-04-03,116.55000305175781,116.55000305175781,116.55000305175781,116.55000305175781,111.5219497680664,0
2023-04-04,116.55000305175781,116.69999694824219,116.55000305175781,116.69999694824219,111.66547393798828,4140
2023-04-05,116.69999694824219,116.69999694824219,116.69999694824219,116.69999694824219,113.07038116455078,4997
2023-04-10,116.69999694824219,116.69999694824219,116.69999694824219,116.69999694824219,113.07038116455078,0
2023-04-11,116.69999694824219,116.69999694824219,116.69999694824219,116.69999694824219,113.07038116455078,0
2023-04-12,115.0,116.69999694824219,115.0,116.69999694824219,113.07038116455078,367118
2023-04-13,116.5,116.69999694824219,116.5,116.69999694824219,113.07038116455078,400000
2023-04-14,116.69999694824219,116.69999694824219,116.69999694824219,116.69999694824219,113.07038116455078,380839
2023-04-17,116.69999694824219,116.69999694824219,116.69999694824219,116.69999694824219,113.07038116455078,0
2023-04-18,116.5,116.5999984741211,116.5,116.5999984741211,112.97348022460938,28983
2023-04-19,116.5999984741211,116.5999984741211,116.5999984741211,116.5999984741211,112.97348022460938,0
2023-04-20,116.5999984741211,116.5999984741211,116.5999984741211,116.5999984741211,112.97348022460938,0
2023-04-21,116.5999984741211,116.5999984741211,116.5999984741211,116.5999984741211,112.97348022460938,1043
2023-04-24,117.0,117.0,117.0,117.0,113.36104583740234,25076
2023-04-25,117.0,117.0,117.0,117.0,113.36104583740234,0
2023-04-26,117.0,117.0,117.0,117.0,113.36104583740234,0
2023-04-27,117.0,117.0,117.0,117.0,113.36104583740234,820
2023-04-28,117.0,117.0,117.0,117.0,113.36104583740234,0
2023-05-02,115.95999908447266,117.0,114.5,117.0,113.36104583740234,144242
2023-05-03,117.0,117.0,117.0,117.0,113.36104583740234,0
2023-05-04,117.0,117.0,117.0,117.0,113.36104583740234,250000
2023-05-05,116.0,117.0,116.0,117.0,113.36104583740234,304029
2023-05-08,117.0,117.0,117.0,117.0,113.36104583740234,280001
2023-05-09,117.0,117.0,117.0,117.0,113.36104583740234,273008
2023-05-10,117.0,118.01000213623047,117.0,118.01000213623047,114.33963012695312,49986
2023-05-11,117.9000015258789,118.4000015258789,117.9000015258789,118.4000015258789,114.7175064086914,50000
2023-05-12,118.4000015258789,118.4000015258789,118.4000015258789,118.4000015258789,114.7175064086914,0
2023-05-15,118.4000015258789,118.8499984741211,118.4000015258789,118.6500015258789,114.95972442626953,61739
2023-05-16,118.6500015258789,119.0999984741211,118.6500015258789,119.0999984741211,115.39573669433594,50061
2023-05-17,119.0,119.80000305175781,119.0,119.80000305175781,116.07396697998047,40014
2023-05-18,119.80000305175781,119.80000305175781,119.80000305175781,119.80000305175781,116.07396697998047,0
2023-05-19,119.0,120.19999694824219,119.0,120.19999694824219,116.46151733398438,98980
2023-05-22,120.0999984741211,120.30000305175781,120.0999984741211,120.30000305175781,116.55841064453125,79140
2023-05-23,120.30000305175781,120.30000305175781,120.30000305175781,120.30000305175781,116.55841064453125,0
2023-05-24,120.30000305175781,120.30000305175781,120.30000305175781,120.30000305175781,116.55841064453125,0
2023-05-25,119.9000015258789,120.30000305175781,119.9000015258789,120.30000305175781,116.55841064453125,79751
2023-05-26,120.30000305175781,121.19999694824219,120.30000305175781,121.19999694824219,117.430419921875,35002
2023-05-29,121.19999694824219,121.19999694824219,121.19999694824219,121.19999694824219,117.430419921875,0
2023-05-30,121.19999694824219,121.19999694824219,121.19999694824219,121.19999694824219,117.430419921875,0
2023-05-31,119.93000030517578,122.0,119.93000030517578,122.0,118.20553588867188,39918
2023-06-01,122.0,122.30000305175781,122.0,122.30000305175781,118.49620819091797,40004
2023-06-02,123.62000274658203,123.62000274658203,123.5,123.5,119.65888214111328,485996
2023-06-05,123.5999984741211,123.5999984741211,123.5999984741211,123.5999984741211,119.75577545166016,105
2023-06-06,123.5999984741211,123.5999984741211,123.5999984741211,123.5999984741211,119.75577545166016,0
2023-06-07,123.5999984741211,123.5999984741211,123.5999984741211,123.5999984741211,119.75577545166016,0
2023-06-08,123.5999984741211,123.5999984741211,123.5999984741211,123.5999984741211,119.75577545166016,0
2023-06-09,123.5999984741211,123.5999984741211,123.5999984741211,123.5999984741211,119.75577545166016,0
2023-06-12,123.5999984741211,123.5999984741211,123.5999984741211,123.5999984741211,119.75577545166016,0
2023-06-13,122.5,122.5,122.5,122.5,118.68997955322266,910
2023-06-14,122.5,122.5,122.0,122.5,118.68997955322266,11005
2023-06-15,122.5,122.5,122.5,122.5,118.68997955322266,1011
2023-06-16,121.80000305175781,122.5,121.80000305175781,122.5,118.68997955322266,992
2023-06-19,122.5,122.5,122.5,122.5,118.68997955322266,0
2023-06-20,122.5,122.5,122.5,122.5,118.68997955322266,0
2023-06-21,122.5,122.5,122.5,122.5,118.68997955322266,0
2023-06-22,119.0,121.0,119.0,121.0,117.23664093017578,3111
2023-06-23,121.0,121.0,121.0,121.0,117.23664093017578,0
2023-06-26,120.0,120.0,120.0,120.0,116.26773834228516,329904
2023-06-27,120.0,120.0,120.0,120.0,116.26773834228516,0
2023-06-28,120.0,120.0,120.0,120.0,116.26773834228516,0
2023-06-29,120.0,120.0,120.0,120.0,116.26773834228516,300000
2023-06-30,119.98999786376953,122.0,119.98999786376953,122.0,118.20553588867188,380461
2023-07-03,122.0,122.0,122.0,122.0,118.20553588867188,0
2023-07-04,122.0,122.0,122.0,122.0,118.20553588867188,0
2023-07-05,122.0,122.0,122.0,122.0,118.20553588867188,0
2023-07-06,122.0,122.0,122.0,122.0,118.20553588867188,0
2023-07-07,122.0,122.0,122.0,122.0,118.20553588867188,0
2023-07-10,122.0,122.0,122.0,122.0,118.20553588867188,0
2023-07-11,118.0,118.0,118.0,118.0,114.32994079589844,178
2023-07-12,118.0,120.5,118.0,120.5,116.75218963623047,52523
2023-07-13,120.0,121.0,120.0,121.0,117.23664093017578,75000
2023-07-14,121.0,121.0,121.0,121.0,117.23664093017578,0
2023-07-17,121.0,121.0,121.0,121.0,117.23664093017578,0
2023-07-18,121.0,121.0,121.0,121.0,117.23664093017578,0
2023-07-19,121.0,121.0,121.0,121.0,117.23664093017578,0
2023-07-20,121.0,121.0,121.0,121.0,117.23664093017578,0
2023-07-21,121.0,121.0,121.0,121.0,117.23664093017578,0
2023-07-24,121.0,121.0,121.0,121.0,117.23664093017578,0
2023-07-25,117.0,118.0,116.5,118.0,114.32994079589844,35779
2023-07-26,117.9000015258789,117.9000015258789,117.9000015258789,117.9000015258789,114.2330551147461,21264
2023-07-27,117.9000015258789,120.0,117.9000015258789,120.0,116.26773834228516,4891
2023-07-28,120.5,120.5,120.5,120.5,116.75218963623047,5027
2023-07-31,120.5,120.5,120.5,120.5,116.75218963623047,0
2023-08-01,120.5,120.5,120.5,120.5,116.75218963623047,0
2023-08-02,120.5,120.5,120.5,120.5,116.75218963623047,0
2023-08-03,115.0,119.98999786376953,115.0,119.98999786376953,116.25804901123047,5303
2023-08-04,119.97000122070312,120.0,119.97000122070312,120.0,116.26773834228516,30000
2023-08-07,120.0,120.0,120.0,120.0,116.26773834228516,306
2023-08-08,120.0,120.0,120.0,120.0,116.26773834228516,479
2023-08-09,120.0,120.0,120.0,120.0,116.26773834228516,500
2023-08-10,120.0,120.0,120.0,120.0,116.26773834228516,522
2023-08-11,120.0,120.0,120.0,120.0,116.26773834228516,418
2023-08-14,120.0,120.0,120.0,120.0,116.26773834228516,0
2023-08-15,117.0,117.0,117.0,117.0,113.36104583740234,3101
2023-08-16,117.0,117.0,117.0,117.0,113.36104583740234,0
2023-08-17,117.0,117.0,117.0,117.0,113.36104583740234,0
2023-08-18,117.0,117.0,117.0,117.0,113.36104583740234,0
2023-08-21,117.0,117.0,117.0,117.0,113.36104583740234,0
2023-08-22,117.0,117.0,117.0,117.0,113.36104583740234,0
2023-08-23,117.0,117.0,117.0,117.0,113.36104583740234,0
2023-08-24,114.0,114.0,114.0,114.0,110.45435333251953,800003
2023-08-25,114.0,114.0,114.0,114.0,110.45435333251953,476895
2023-08-28,116.0,116.0,116.0,116.0,112.39215087890625,1267983
2023-08-29,116.0,116.0,116.0,116.0,112.39215087890625,0
2023-08-30,117.0,117.0,117.0,117.0,113.36104583740234,158
2023-08-31,117.0,117.0,117.0,117.0,113.36104583740234,0
2023-09-01,116.9800033569336,116.9800033569336,116.9800033569336,116.9800033569336,113.34166717529297,187
2023-09-04,116.9800033569336,116.9800033569336,116.9800033569336,116.9800033569336,113.34166717529297,0
2023-09-05,116.9800033569336,116.9800033569336,116.9800033569336,116.9800033569336,113.34166717529297,0
2023-09-06,116.9800033569336,116.9800033569336,116.9800033569336,116.9800033569336,113.34166717529297,0
2023-09-07,116.9800033569336,116.9800033569336,116.9800033569336,116.9800033569336,113.34166717529297,0
2023-09-08,116.9800033569336,116.9800033569336,116.9800033569336,116.9800033569336,113.34166717529297,0
2023-09-11,116.9800033569336,116.9800033569336,116.9800033569336,116.9800033569336,113.34166717529297,0
2023-09-12,116.9800033569336,116.9800033569336,116.9800033569336,116.9800033569336,113.34166717529297,0
2023-09-13,116.9800033569336,116.9800033569336,116.9800033569336,116.9800033569336,113.34166717529297,0
2023-09-14,116.9800033569336,116.9800033569336,116.9800033569336,116.9800033569336,113.34166717529297,0
2023-09-15,116.9800033569336,116.9800033569336,116.9800033569336,116.9800033569336,113.34166717529297,0
2023-09-18,116.9800033569336,116.9800033569336,116.9800033569336,116.9800033569336,113.34166717529297,0
2023-09-19,116.9800033569336,116.9800033569336,116.9800033569336,116.9800033569336,113.34166717529297,0
2023-09-20,115.0,115.0,114.0,114.0,110.45435333251953,878
2023-09-21,114.0,114.0,114.0,114.0,110.45435333251953,502
2023-09-22,114.0,114.0,114.0,114.0,110.45435333251953,1410
2023-09-25,114.0,117.0,114.0,117.0,113.36104583740234,50439
2023-09-26,116.9000015258789,117.0,116.0,116.0,112.39215087890625,144622
2023-09-27,115.0,117.0,115.0,117.0,113.36104583740234,951
2023-09-28,117.0,117.0,117.0,117.0,113.36104583740234,1355
2023-09-29,117.0,117.0,117.0,117.0,113.36104583740234,0
2023-10-02,117.0,117.0,117.0,117.0,113.36104583740234,0
2023-10-03,117.0,117.0,117.0,117.0,113.36104583740234,0
2023-10-04,117.0,117.0,117.0,117.0,113.36104583740234,0
2023-10-05,117.0,117.0,117.0,117.0,113.36104583740234,0
2023-10-06,114.0,116.9000015258789,114.0,116.9000015258789,113.26416015625,50200
2023-10-09,116.9000015258789,116.9000015258789,116.9000015258789,116.9000015258789,113.26416015625,0
2023-10-10,116.9000015258789,116.9000015258789,116.9000015258789,116.9000015258789,113.26416015625,0
2023-10-11,116.9000015258789,116.9000015258789,116.9000015258789,116.9000015258789,113.26416015625,0
2023-10-12,116.9000015258789,116.9000015258789,116.9000015258789,116.9000015258789,113.26416015625,0
2023-10-13,116.9000015258789,116.9000015258789,116.9000015258789,116.9000015258789,113.26416015625,0
2023-10-16,116.9000015258789,116.9000015258789,116.9000015258789,116.9000015258789,113.26416015625,0
2023-10-17,116.9000015258789,116.9000015258789,116.9000015258789,116.9000015258789,113.26416015625,0
2023-10-18,116.9000015258789,116.9000015258789,116.9000015258789,116.9000015258789,113.26416015625,0
2023-10-19,116.9000015258789,116.9000015258789,116.9000015258789,116.9000015258789,113.26416015625,0
2023-10-20,116.9000015258789,116.9000015258789,116.9000015258789,116.9000015258789,113.26416015625,0
2023-10-23,116.9000015258789,116.9000015258789,116.9000015258789,116.9000015258789,113.26416015625,0
2023-10-24,116.9000015258789,116.9000015258789,116.9000015258789,116.9000015258789,113.26416015625,0
2023-10-25,116.9000015258789,116.9000015258789,116.9000015258789,116.9000015258789,113.26416015625,0
2023-10-26,116.9000015258789,116.9000015258789,116.9000015258789,116.9000015258789,113.26416015625,0
2023-10-27,116.9000015258789,116.9000015258789,116.9000015258789,116.9000015258789,113.26416015625,0
2023-10-30,113.25,115.0,113.25,115.0,111.42325592041016,27013
2023-10-31,115.0,117.5,115.0,117.5,113.84549713134766,141713
2023-11-01,117.5,117.5,117.5,117.5,113.84549713134766,0
2023-11-03,117.5,118.75,117.5,118.75,115.05662536621094,98953
2023-11-06,118.75,120.0999984741211,118.75,120.0999984741211,116.3646240234375,50394
2023-11-07,120.0999984741211,120.0999984741211,120.0999984741211,120.0999984741211,116.3646240234375,0
2023-11-08,120.0999984741211,121.0,120.0999984741211,121.0,117.23664093017578,16452
2023-11-09,121.0,121.0,121.0,121.0,117.23664093017578,0
2023-11-10,121.0,121.0,121.0,121.0,117.23664093017578,0
2023-11-13,121.0,121.5,121.0,121.5,117.7210922241211,13720
2023-11-14,121.5,122.0,121.5,122.0,118.20553588867188,20500
2023-11-15,122.0,122.0,122.0,122.0,118.20553588867188,498
2023-11-16,122.0,122.0,122.0,122.0,118.20553588867188,500
2023-11-17,122.0,122.0,122.0,122.0,118.20553588867188,501
2023-11-21,122.0,122.0,122.0,122.0,118.20553588867188,503
2023-11-22,122.0,122.0,122.0,122.0,118.20553588867188,296
2023-11-23,122.0,123.1500015258789,122.0,123.1500015258789,119.31977081298828,70580
2023-11-24,123.1500015258789,123.1500015258789,123.1500015258789,123.1500015258789,119.31977081298828,0
2023-11-27,123.1500015258789,124.0,118.0,124.0,120.1433334350586,29335
2023-11-28,124.0,124.0,124.0,124.0,120.1433334350586,500
2023-11-29,123.9000015258789,123.9000015258789,123.9000015258789,123.9000015258789,120.04644012451172,500
2023-11-30,123.9000015258789,124.0,123.9000015258789,124.0,120.1433334350586,15446
2023-12-01,124.0,124.0,124.0,124.0,120.1433334350586,456
2023-12-04,124.0,124.0,124.0,124.0,120.1433334350586,300
2023-12-05,124.0,124.0,124.0,124.0,120.1433334350586,0
2023-12-06,124.0,124.0,124.0,124.0,120.1433334350586,0
2023-12-07,123.0,124.0,120.27999877929688,124.0,120.1433334350586,56838
2023-12-08,124.0,124.0,124.0,124.0,120.1433334350586,1071
2023-12-11,124.0,124.0,124.0,124.0,120.1433334350586,1004
2023-12-13,124.0,125.0,122.0,125.0,121.11223602294922,48107
2023-12-14,125.0,128.6999969482422,125.0,128.6999969482422,124.6971435546875,20907
2023-12-15,128.6999969482422,128.6999969482422,128.6999969482422,128.6999969482422,124.6971435546875,0
2023-12-18,128.6999969482422,128.6999969482422,128.6999969482422,128.6999969482422,124.6971435546875,0
2023-12-19,128.6999969482422,128.6999969482422,128.6999969482422,128.6999969482422,124.6971435546875,0
2023-12-20,128.6999969482422,128.6999969482422,128.6999969482422,128.6999969482422,124.6971435546875,0
2023-12-21,133.0,133.0,133.0,133.0,128.8634033203125,102
2023-12-22,133.0,133.0,133.0,133.0,128.8634033203125,0
2023-12-26,133.1999969482422,133.1999969482422,133.1999969482422,133.1999969482422,129.05718994140625,29986
2023-12-27,133.1999969482422,133.1999969482422,133.1999969482422,133.1999969482422,129.05718994140625,0
2023-12-28,133.3000030517578,133.3000030517578,133.3000030517578,133.3000030517578,129.15408325195312,34999
2023-12-29,133.35000610351562,135.0,133.35000610351562,133.35000610351562,129.20252990722656,39982
2024-01-02,133.35000610351562,133.35000610351562,133.35000610351562,133.35000610351562,129.20252990722656,0
2024-01-03,133.35000610351562,133.35000610351562,133.35000610351562,133.35000610351562,129.20252990722656,0
2024-01-04,133.35000610351562,133.35000610351562,133.35000610351562,133.35000610351562,129.20252990722656,0
2024-01-05,133.35000610351562,133.35000610351562,133.35000610351562,133.35000610351562,129.20252990722656,0
2024-01-08,133.35000610351562,133.35000610351562,133.35000610351562,133.35000610351562,129.20252990722656,0
2024-01-09,133.35000610351562,133.35000610351562,133.35000610351562,133.35000610351562,129.20252990722656,0
2024-01-10,133.4499969482422,133.4499969482422,133.4499969482422,133.4499969482422,129.29940795898438,14926
2024-01-11,133.4499969482422,133.4499969482422,133.4499969482422,133.4499969482422,129.29940795898438,29904
2024-01-12,133.4499969482422,133.4499969482422,133.4499969482422,133.4499969482422,129.29940795898438,0
2024-01-15,133.4499969482422,133.4499969482422,133.4499969482422,133.4499969482422,129.29940795898438,0
2024-01-16,133.4499969482422,133.5,133.4499969482422,133.5,129.3478546142578,17414
2024-01-17,133.5,133.5,133.5,133.5,129.3478546142578,0
2024-01-18,133.5,133.5,133.5,133.5,129.3478546142578,18000
2024-01-19,133.5,133.5,133.5,133.5,129.3478546142578,0
2024-01-22,133.5,133.5,133.5,133.5,129.3478546142578,0
2024-01-23,133.50999450683594,133.50999450683594,133.50999450683594,133.50999450683594,129.3575439453125,18456
2024-01-24,133.5,133.5,133.5,133.5,129.3478546142578,497
2024-01-25,133.5,133.5,133.5,133.5,129.3478546142578,20507
2024-01-26,133.5,133.5,133.5,133.5,129.3478546142578,502
2024-01-29,133.5,133.5,133.5,133.5,129.3478546142578,505
2024-01-30,133.25,133.5,133.25,133.5,129.3478546142578,20471
2024-01-31,133.5,133.5,133.5,133.5,129.3478546142578,0
2024-02-01,133.5,133.5,133.5,133.5,129.3478546142578,0
2024-02-02,133.5,133.5,133.5,133.5,129.3478546142578,0
2024-02-06,133.5,133.5,133.5,133.5,129.3478546142578,0
2024-02-07,133.5,133.5,133.5,133.5,129.3478546142578,0
2024-02-08,133.5,133.5,133.5,133.5,129.3478546142578,0
2024-02-09,133.5,133.5,133.5,133.5,129.3478546142578,0
2024-02-12,133.5,133.5,133.5,133.5,129.3478546142578,0
2024-02-13,133.5,133.5,133.5,133.5,129.3478546142578,0
2024-02-14,133.5,133.5,133.5,133.5,129.3478546142578,0
2024-02-15,133.5,133.5,133.5,133.5,129.3478546142578,0
2024-02-16,133.5,133.5,133.5,133.5,129.3478546142578,0
2024-02-19,133.5,133.5,133.5,133.5,129.3478546142578,0
2024-02-20,131.0,131.0,131.0,131.0,126.92562103271484,200
2024-02-21,131.0,131.0,131.0,131.0,126.92562103271484,247
2024-02-22,131.0,131.0,131.0,131.0,126.92562103271484,102
2024-02-23,130.0,130.0,130.0,130.0,125.95671844482422,101
2024-02-26,130.0,130.0,129.0,129.0,124.9878158569336,5210
2024-02-27,129.0,129.0,129.0,129.0,124.9878158569336,230
2024-02-28,129.0,129.0,129.0,129.0,124.9878158569336,202
2024-02-29,129.0,130.0,126.69999694824219,130.0,125.95671844482422,9952
2024-03-01,130.0,130.0,130.0,130.0,125.95671844482422,0
2024-03-04,130.0,130.0,130.0,130.0,125.95671844482422,0
2024-03-05,130.0,130.0,130.0,130.0,125.95671844482422,0
2024-03-06,130.0,130.0,130.0,130.0,125.95671844482422,0
2024-03-07,130.0,130.0,130.0,130.0,125.95671844482422,0
2024-03-08,130.0,130.0,130.0,130.0,125.95671844482422,0
2024-03-11,130.0,130.0,130.0,130.0,125.95671844482422,0
2024-03-12,130.0,130.0,130.0,130.0,125.95671844482422,0
2024-03-13,130.0,130.0,130.0,130.0,125.95671844482422,0
2024-03-14,129.0,130.0,129.0,130.0,125.95671844482422,38294
2024-03-15,130.0,130.0,130.0,130.0,125.95671844482422,900
2024-03-19,130.0,130.0,130.0,130.0,125.95671844482422,45002
2024-03-20,130.0,130.0,126.0999984741211,130.0,125.95671844482422,1316
2024-03-21,130.0,130.0,130.0,130.0,125.95671844482422,48967
2024-03-22,130.0,130.0,130.0,130.0,125.95671844482422,0
2024-03-25,130.0,130.0,130.0,130.0,125.95671844482422,0
2024-03-26,130.0,130.0,130.0,130.0,125.95671844482422,55099
2024-03-27,129.0,130.0,129.0,130.0,125.95671844482422,80003
2024-04-01,129.0,129.0,129.0,129.0,124.9878158569336,11571
2024-04-02,129.0,129.0,129.0,129.0,124.9878158569336,0
2024-04-03,129.0,129.0,129.0,129.0,124.9878158569336,604
2024-04-04,129.0,129.0,129.0,129.0,124.9878158569336,0
2024-04-05,129.0,129.0,129.0,129.0,124.9878158569336,0
2024-04-08,129.0,129.0,129.0,129.0,126.75651550292969,0
2024-04-09,129.0,129.0,129.0,129.0,126.75651550292969,0
2024-04-10,129.0,129.0,129.0,129.0,126.75651550292969,0
2024-04-11,128.99000549316406,129.0,128.99000549316406,129.0,126.75651550292969,87500
2024-04-12,129.0,129.0,129.0,129.0,126.75651550292969,90007
2024-04-15,129.0,129.0,129.0,129.0,126.75651550292969,0
2024-04-16,129.0,129.0,129.0,129.0,126.75651550292969,0
2024-04-17,129.0,129.0,129.0,129.0,126.75651550292969,0
2024-04-18,129.0,129.0,129.0,129.0,126.75651550292969,0
2024-04-19,129.0,129.0,129.0,129.0,126.75651550292969,800
2024-04-22,129.0,129.0,129.0,129.0,126.75651550292969,0
2024-04-23,129.0,129.0,129.0,129.0,126.75651550292969,0
2024-04-24,129.0,129.0,129.0,129.0,126.75651550292969,0
2024-04-25,129.0,129.0,129.0,129.0,126.75651550292969,0
2024-04-26,129.0,129.0,129.0,129.0,126.75651550292969,0
2024-04-29,129.0,129.0,129.0,129.0,126.75651550292969,0
2024-04-30,129.0,129.0,129.0,129.0,126.75651550292969,0
2024-05-02,129.0,129.0,129.0,129.0,126.75651550292969,0
2024-05-03,129.0,129.0,129.0,129.0,126.75651550292969,0
2024-05-06,129.0,129.0,129.0,129.0,126.75651550292969,0
2024-05-07,123.5999984741211,123.5999984741211,123.5999984741211,123.5999984741211,121.45043182373047,302
2024-05-08,123.5999984741211,123.5999984741211,123.5999984741211,123.5999984741211,121.45043182373047,0
2024-05-09,123.5999984741211,123.5999984741211,123.5999984741211,123.5999984741211,121.45043182373047,0
2024-05-10,123.5999984741211,123.5999984741211,123.5999984741211,123.5999984741211,121.45043182373047,0
2024-05-13,123.5999984741211,123.5999984741211,123.5999984741211,123.5999984741211,121.45043182373047,0
2024-05-14,123.0,126.0,123.0,126.0,123.8086929321289,656945
2024-05-15,126.0,126.0,126.0,126.0,123.8086929321289,59981
2024-05-16,126.0,126.0,126.0,126.0,123.8086929321289,0
2024-05-17,126.0,126.0,126.0,126.0,123.8086929321289,0
2024-05-20,126.0,126.0,126.0,126.0,123.8086929321289,0
2024-05-21,125.97000122070312,126.0,125.97000122070312,126.0,123.8086929321289,70002
2024-05-22,126.0,126.0,126.0,126.0,123.8086929321289,0
2024-05-23,126.0,126.0,126.0,126.0,123.8086929321289,0
2024-05-24,125.9000015258789,126.0,125.9000015258789,126.0,123.8086929321289,43500
2024-05-27,126.0,126.0,126.0,126.0,123.8086929321289,0
2024-05-28,126.0,126.0,126.0,126.0,123.8086929321289,0
2024-05-29,125.5,126.0,125.5,126.0,123.8086929321289,100040
2024-05-30,126.0,126.0,126.0,126.0,123.8086929321289,0
2024-05-31,126.0,126.0,126.0,126.0,123.8086929321289,0
2024-06-03,126.0,126.0,126.0,126.0,123.8086929321289,0
2024-06-04,126.0,126.0,126.0,126.0,123.8086929321289,0
2024-06-05,125.30000305175781,125.4000015258789,125.30000305175781,125.4000015258789,123.21913146972656,40861
2024-06-06,125.4000015258789,125.4000015258789,125.4000015258789,125.4000015258789,123.21913146972656,70004
2024-06-07,125.4000015258789,125.4000015258789,125.4000015258789,125.4000015258789,123.21913146972656,0
2024-06-10,125.4000015258789,125.4000015258789,125.4000015258789,125.4000015258789,123.21913146972656,0
2024-06-11,125.4000015258789,125.4000015258789,125.4000015258789,125.4000015258789,123.21913146972656,0
2024-06-12,125.4000015258789,125.4000015258789,125.4000015258789,125.4000015258789,123.21913146972656,0
2024-06-13,125.4000015258789,125.4000015258789,125.4000015258789,125.4000015258789,123.21913146972656,0
2024-06-14,123.98999786376953,124.0,123.98999786376953,123.98999786376953,121.83364868164062,43102
2024-06-17,123.98999786376953,123.98999786376953,123.98999786376953,123.98999786376953,121.83364868164062,0
2024-06-18,122.0,124.0,122.0,124.0,121.84347534179688,64898
2024-06-19,124.0,124.0,124.0,124.0,121.84347534179688,0
2024-06-20,124.0,124.0,124.0,124.0,121.84347534179688,0
2024-06-21,124.0,124.0,124.0,124.0,121.84347534179688,0
2024-06-24,124.0,124.0,124.0,124.0,121.84347534179688,0
2024-06-25,124.0,124.0,124.0,124.0,121.84347534179688,39959
2024-06-26,123.88999938964844,123.88999938964844,123.88999938964844,123.88999938964844,121.73538970947266,24467
2024-06-27,123.88999938964844,123.88999938964844,123.88999938964844,123.88999938964844,121.73538970947266,0
2024-06-28,123.88999938964844,123.88999938964844,123.88999938964844,123.88999938964844,121.73538970947266,0
2024-07-01,123.88999938964844,123.88999938964844,123.88999938964844,123.88999938964844,121.73538970947266,0
2024-07-02,123.69999694824219,124.0,123.69999694824219,124.0,121.84347534179688,70001
2024-07-03,124.0,124.0,124.0,124.0,121.84347534179688,0
2024-07-04,124.0,124.0,124.0,124.0,121.84347534179688,0
2024-07-05,124.0,124.0,124.0,124.0,121.84347534179688,0
2024-07-08,123.5,123.5,123.5,123.5,121.3521728515625,853
2024-07-09,123.5,123.5,123.5,123.5,121.3521728515625,0
2024-07-10,123.5,123.5,123.5,123.5,121.3521728515625,0
2024-07-11,123.5,123.5,123.5,123.5,121.3521728515625,0
2024-07-12,122.5,122.5,122.5,122.5,120.36956024169922,89738
2024-07-15,122.5,122.5,122.5,122.5,120.36956024169922,0
2024-07-16,122.5,122.5,122.5,122.5,120.36956024169922,0
2024-07-17,122.5,122.5,122.5,122.5,120.36956024169922,0
2024-07-18,122.5,122.5,122.5,122.5,120.36956024169922,0
2024-07-19,122.5,122.5,122.5,122.5,120.36956024169922,0
2024-07-22,122.5,122.5,122.5,122.5,120.36956024169922,0
2024-07-23,122.5,122.5,122.5,122.5,120.36956024169922,0
2024-07-24,122.0,122.0,122.0,122.0,119.87825775146484,303
2024-07-25,122.0,122.0,122.0,122.0,119.87825775146484,0
2024-07-26,122.0,122.0,122.0,122.0,119.87825775146484,0
2024-07-29,117.55999755859375,121.98999786376953,117.55999755859375,121.98999786376953,119.8684310913086,582
2024-07-30,117.0,121.98999786376953,117.0,121.98999786376953,119.8684310913086,202
2024-07-31,120.98999786376953,121.0,120.98999786376953,121.0,118.8956527709961,70001
2024-08-01,121.0,121.0,121.0,121.0,118.8956527709961,0
2024-08-02,121.0,121.0,121.0,121.0,118.8956527709961,0
2024-08-05,121.0,121.0,121.0,121.0,118.8956527709961,0
2024-08-06,116.94000244140625,121.0,116.94000244140625,121.0,118.8956527709961,69120
2024-08-07,121.0,121.0,121.0,121.0,118.8956527709961,0
2024-08-08,121.0,121.0,121.0,121.0,118.8956527709961,0
2024-08-09,121.0,121.0,121.0,121.0,118.8956527709961,0
2024-08-12,119.98999786376953,119.98999786376953,119.98999786376953,119.98999786376953,117.90321350097656,303
2024-08-13,119.98999786376953,119.98999786376953,119.98999786376953,119.98999786376953,117.90321350097656,0
2024-08-14,115.0,120.5,115.0,120.5,118.40434265136719,60523
2024-08-15,120.02999877929688,120.02999877929688,120.02999877929688,120.02999877929688,117.94252014160156,443
2024-08-16,120.5,120.5,120.5,120.5,118.40434265136719,102
2024-08-19,120.48999786376953,120.48999786376953,120.48999786376953,120.48999786376953,118.39451599121094,500
2024-08-20,120.02999877929688,120.02999877929688,120.02999877929688,120.02999877929688,117.94252014160156,105
2024-08-21,120.02999877929688,120.02999877929688,120.02999877929688,120.02999877929688,117.94252014160156,0
2024-08-22,115.0,120.0,115.0,120.0,117.91304016113281,13626
2024-08-23,120.0,120.0,120.0,120.0,117.91304016113281,0
2024-08-26,120.0,120.0,120.0,120.0,117.91304016113281,0
2024-08-27,120.0,120.0,120.0,120.0,117.91304016113281,0
2024-08-28,120.0,120.0,120.0,120.0,117.91304016113281,0
2024-08-29,120.0,120.0,120.0,120.0,117.91304016113281,0
2024-08-30,119.88999938964844,120.0,119.88999938964844,120.0,117.91304016113281,40619
2024-09-02,120.0,120.0,120.0,120.0,117.91304016113281,0
2024-09-03,119.5,119.98999786376953,119.5,119.98999786376953,117.90321350097656,151713
2024-09-04,119.98999786376953,119.98999786376953,119.98999786376953,119.98999786376953,117.90321350097656,0
2024-09-05,119.98999786376953,119.98999786376953,119.98999786376953,119.98999786376953,117.90321350097656,0
2024-09-06,119.98999786376953,119.98999786376953,119.98999786376953,119.98999786376953,117.90321350097656,0
2024-09-09,119.98999786376953,119.98999786376953,119.98999786376953,119.98999786376953,117.90321350097656,0
2024-09-10,119.98999786376953,119.98999786376953,119.98999786376953,119.98999786376953,117.90321350097656,0
2024-09-11,119.98999786376953,119.98999786376953,119.98999786376953,119.98999786376953,117.90321350097656,0
2024-09-12,119.98999786376953,119.98999786376953,119.98999786376953,119.98999786376953,117.90321350097656,0
2024-09-13,119.98999786376953,119.98999786376953,119.98999786376953,119.98999786376953,117.90321350097656,0
2024-09-17,119.98999786376953,119.98999786376953,119.98999786376953,119.98999786376953,117.90321350097656,0
2024-09-18,119.98999786376953,119.98999786376953,119.98999786376953,119.98999786376953,117.90321350097656,0
2024-09-19,119.98999786376953,119.98999786376953,119.98999786376953,119.98999786376953,117.90321350097656,0
2024-09-20,119.98999786376953,119.98999786376953,119.98999786376953,119.98999786376953,117.90321350097656,0
2024-09-23,119.98999786376953,119.98999786376953,119.98999786376953,119.98999786376953,117.90321350097656,0
2024-09-24,118.98999786376953,118.98999786376953,118.98999786376953,118.98999786376953,116.92060089111328,40000
2024-09-25,118.98999786376953,118.98999786376953,118.98999786376953,118.98999786376953,116.92060089111328,0
2024-09-26,118.98999786376953,118.98999786376953,118.98999786376953,118.98999786376953,116.92060089111328,0
2024-09-27,116.0,116.0,116.0,116.0,113.98260498046875,8625
2024-09-30,116.0,116.0,116.0,116.0,113.98260498046875,0
2024-10-02,116.0,118.5,116.0,118.5,116.43912506103516,24663
2024-10-03,118.5,118.5,118.5,118.5,116.43912506103516,0
2024-10-04,118.5,118.5,118.5,118.5,116.43912506103516,0
2024-10-07,118.5,118.5,118.5,118.5,116.43912506103516,0
2024-10-08,118.5,118.69999694824219,118.5,118.69999694824219,116.63565063476562,600
2024-10-09,118.69999694824219,118.69999694824219,118.69999694824219,118.69999694824219,116.63565063476562,103
2024-10-10,118.69999694824219,119.0,118.69999694824219,119.0,116.93043518066406,149895
2024-10-11,119.0,119.0,119.0,119.0,116.93043518066406,0
2024-10-14,119.0,119.0,119.0,119.0,116.93043518066406,0
2024-10-15,119.0,119.0,119.0,119.0,116.93043518066406,0
2024-10-16,119.0,119.0,119.0,119.0,116.93043518066406,0
2024-10-17,119.0,119.0,119.0,119.0,116.93043518066406,0
2024-10-18,119.0,119.0,119.0,119.0,116.93043518066406,456
2024-10-21,119.0,119.0,119.0,119.0,116.93043518066406,773
2024-10-22,119.0,119.0,119.0,119.0,116.93043518066406,0
2024-10-23,119.0,119.0,119.0,119.0,116.93043518066406,0
2024-10-24,119.0,119.0,119.0,119.0,116.93043518066406,0
2024-10-25,119.0,119.0,119.0,119.0,116.93043518066406,0
2024-10-28,116.5,119.0,116.5,119.0,116.93043518066406,18625
2024-10-29,119.0,119.0,119.0,119.0,116.93043518066406,0
2024-10-30,119.0,119.0,119.0,119.0,116.93043518066406,0
2024-10-31,119.0,119.0,119.0,119.0,116.93043518066406,0
2024-11-01,119.0,119.0,119.0,119.0,116.93043518066406,0
2024-11-04,119.0,119.0,119.0,119.0,116.93043518066406,0
2024-11-05,119.0,119.0,119.0,119.0,116.93043518066406,49984
2024-11-06,119.0,119.0,119.0,119.0,116.93043518066406,0
2024-11-07,119.0,119.0,119.0,119.0,116.93043518066406,0
2024-11-08,119.0,119.0,119.0,119.0,116.93043518066406,45003
2024-11-11,119.0,119.0,119.0,119.0,116.93043518066406,0
2024-11-12,115.0,119.0,115.0,119.0,116.93043518066406,19715
2024-11-13,119.0,119.0,119.0,119.0,116.93043518066406,0
2024-11-14,119.0,119.0,119.0,119.0,116.93043518066406,0
2024-11-15,116.0,118.0,116.0,118.0,115.94782257080078,5077
2024-11-19,118.0,118.0,118.0,118.0,115.94782257080078,0
2024-11-20,118.0,118.98999786376953,113.5,118.97000122070312,116.90095520019531,42148
2024-11-21,118.97000122070312,118.97000122070312,118.97000122070312,118.97000122070312,116.90095520019531,0
2024-11-22,118.0,118.0,118.0,118.0,115.94782257080078,479
2024-11-25,119.0,119.0,116.0,116.0,113.98260498046875,500103
2024-11-26,115.0999984741211,116.0,115.0999984741211,116.0,113.98260498046875,115000
2024-11-27,115.9800033569336,115.9800033569336,115.9800033569336,115.9800033569336,113.96295928955078,6130
2024-11-28,115.9800033569336,115.9800033569336,115.9800033569336,115.9800033569336,113.96295928955078,0
2024-11-29,115.98999786376953,115.98999786376953,115.98999786376953,115.98999786376953,113.9727783203125,50000
2024-12-02,116.0,116.0,112.5,112.5,110.54347229003906,196146
2024-12-03,112.5,112.5,112.48999786376953,112.48999786376953,110.53364562988281,32851
2024-12-04,112.48999786376953,112.48999786376953,112.48999786376953,112.48999786376953,110.53364562988281,0
2024-12-05,112.48999786376953,112.48999786376953,112.48999786376953,112.48999786376953,110.53364562988281,0
2024-12-06,112.5,115.0,112.5,115.0,113.0,76025
2024-12-09,115.0,115.0,115.0,115.0,113.0,0
2024-12-10,115.0,115.0,115.0,115.0,113.0,0
2024-12-11,111.86000061035156,114.98999786376953,111.86000061035156,114.98999786376953,112.99017333984375,502
2024-12-13,115.0,115.0,115.0,115.0,113.0,230
2024-12-16,115.0,115.0,115.0,115.0,113.0,0
2024-12-17,115.0,115.0,115.0,115.0,113.0,0
2024-12-18,115.0,115.0,115.0,115.0,113.0,0
2024-12-19,115.0,115.0,115.0,115.0,113.0,800
2024-12-20,115.0,115.0,115.0,115.0,113.0,0
2024-12-23,115.0,115.0,115.0,115.0,113.0,0
2024-12-24,115.0,115.0,115.0,115.0,113.0,0
2024-12-26,115.0,115.0,115.0,115.0,113.0,0
2024-12-27,115.0,115.0,115.0,115.0,113.0,0
2024-12-30,115.0,115.0,115.0,115.0,113.0,0
2024-12-31,115.0,115.0,115.0,115.0,113.0,0
2025-01-02,115.0,115.0,115.0,115.0,113.0,0
2025-01-03,115.0,115.0,115.0,115.0,113.0,0
2025-01-06,115.0,115.0,115.0,115.0,113.0,0
2025-01-07,114.9000015258789,114.9000015258789,114.9000015258789,114.9000015258789,112.90174102783203,119989
2025-01-08,115.0,115.0,115.0,115.0,113.0,250002
2025-01-09,115.0,115.0,115.0,115.0,113.0,0
2025-01-10,115.0,115.0,115.0,115.0,113.0,0
2025-01-13,115.0,115.0,115.0,115.0,113.0,0
2025-01-14,115.0,115.0,115.0,115.0,113.0,0
2025-01-15,115.0,115.0,115.0,115.0,113.0,0
2025-01-16,115.0,115.0,115.0,115.0,113.0,0
2025-01-17,114.48999786376953,115.0,114.48999786376953,115.0,113.0,129978
2025-01-20,115.0,115.0,115.0,115.0,113.0,0
2025-01-21,115.0,115.0,115.0,115.0,113.0,0
2025-01-22,115.0,115.0,115.0,115.0,113.0,0
2025-01-23,115.0,115.0,115.0,115.0,113.0,0
2025-01-24,115.0,115.0,115.0,115.0,113.0,0
2025-01-27,115.0,115.0,115.0,115.0,113.0,0
2025-01-28,114.5,115.0,114.5,115.0,113.0,90079
2025-01-29,113.0,115.0,113.0,115.0,113.0,624718
2025-01-30,115.0,115.0,115.0,115.0,113.0,0
2025-01-31,115.0,115.0,115.0,115.0,113.0,0
2025-02-04,115.0,115.0,115.0,115.0,113.0,0
2025-02-05,115.0,115.0,115.0,115.0,113.0,0
2025-02-06,115.0,115.0,115.0,115.0,113.0,0
2025-02-07,115.0,115.0,115.0,115.0,113.0,0
2025-02-10,112.0,112.0,112.0,112.0,110.05216979980469,1063
2025-02-11,114.98999786376953,115.0,114.98999786376953,115.0,113.0,1270
2025-02-12,115.0,115.0,115.0,115.0,113.0,0
2025-02-13,115.0,115.0,115.0,115.0,113.0,0
2025-02-14,115.0,115.0,115.0,115.0,113.0,0
2025-02-17,115.0,115.0,115.0,115.0,113.0,0
2025-02-18,115.0,115.0,115.0,115.0,113.0,173
2025-02-19,115.0,115.0,115.0,115.0,113.0,0
2025-02-20,115.0,115.0,115.0,115.0,113.0,0
2025-02-21,115.0,115.0,115.0,115.0,113.0,0
2025-02-24,112.69999694824219,112.69999694824219,112.69999694824219,112.69999694824219,110.73999786376953,805
2025-02-25,114.98999786376953,114.98999786376953,114.98999786376953,114.98999786376953,112.99017333984375,103
2025-02-26,114.98999786376953,114.98999786376953,114.98999786376953,114.98999786376953,112.99017333984375,0
2025-02-27,114.98999786376953,114.98999786376953,114.98999786376953,114.98999786376953,112.99017333984375,0
2025-02-28,114.98999786376953,114.98999786376953,114.98999786376953,114.98999786376953,112.99017333984375,0
2025-03-03,114.98999786376953,114.98999786376953,114.98999786376953,114.98999786376953,112.99017333984375,0
2025-03-04,114.98999786376953,114.98999786376953,114.98999786376953,114.98999786376953,112.99017333984375,0
2025-03-05,114.98999786376953,114.98999786376953,114.98999786376953,114.98999786376953,112.99017333984375,0
2025-03-06,114.98999786376953,114.98999786376953,114.98999786376953,114.98999786376953,112.99017333984375,0
2025-03-07,114.98999786376953,114.98999786376953,114.98999786376953,114.98999786376953,112.99017333984375,0
2025-03-10,114.98999786376953,114.98999786376953,114.98999786376953,114.98999786376953,112.99017333984375,0
2025-03-11,114.98999786376953,114.98999786376953,114.98999786376953,114.98999786376953,112.99017333984375,0
2025-03-12,112.0,115.0,112.0,115.0,113.0,60853
2025-03-13,115.0,115.0,115.0,115.0,113.0,0
2025-03-14,115.0,115.0,115.0,115.0,113.0,0
2025-03-18,114.98999786376953,115.5,114.98999786376953,115.5,113.49130249023438,87890
2025-03-19,115.5,115.5,115.5,115.5,113.49130249023438,0
2025-03-20,115.5,115.5,115.5,115.5,113.49130249023438,0
2025-03-21,115.5,115.5,115.5,115.5,113.49130249023438,0
2025-03-24,115.5,115.5,115.5,115.5,113.49130249023438,79035
2025-03-25,115.5,115.5,115.5,115.5,113.49130249023438,0
2025-03-26,115.5,115.5,115.5,115.5,113.49130249023438,0
2025-03-27,115.5,115.5,115.5,115.5,113.49130249023438,0
2025-03-28,115.5,115.5,115.5,115.5,113.49130249023438,0
2025-03-31,115.5,115.5,115.5,115.5,113.49130249023438,0
2025-04-01,115.0,115.0,115.0,115.0,113.0,1000
2025-04-02,115.0,115.0,115.0,115.0,113.0,0
2025-04-03,115.0,115.0,115.0,115.0,113.0,0
2025-04-04,115.0,115.0,115.0,115.0,113.0,0
2025-04-07,115.0,115.0,115.0,115.0,113.0,0
2025-04-08,115.0,115.0,115.0,115.0,115.0,0
2025-04-09,115.0,115.0,115.0,115.0,115.0,0
2025-04-10,114.98999786376953,114.98999786376953,114.98999786376953,114.98999786376953,114.98999786376953,5065
2025-04-11,115.5,115.5,115.5,115.5,115.5,233050
2025-04-14,115.5,115.5,115.5,115.5,115.5,0
2025-04-15,115.5,115.5,115.5,115.5,115.5,0
2025-04-16,115.5,115.5,115.5,115.5,115.5,0
2025-04-21,115.5,115.5,115.5,115.5,115.5,0
2025-04-22,115.5,115.5,115.5,115.5,115.5,0
2025-04-23,115.5,115.5,115.5,115.5,115.5,0
2025-04-24,115.5,115.5,115.5,115.5,115.5,0
2025-04-25,115.5,115.5,115.5,115.5,115.5,0
2025-04-28,115.5,115.5,115.5,115.5,115.5,0
2025-04-29,115.5,115.5,115.5,115.5,115.5,0
2025-04-30,115.19999694824219,115.5,115.19999694824219,115.5,115.5,73700
2025-05-02,115.5,115.5,115.5,115.5,115.5,150002
2025-05-05,115.5,115.5,115.5,115.5,115.5,0
2025-05-06,115.5,115.5,115.5,115.5,115.5,0
2025-05-07,115.5,115.5,115.5,115.5,115.5,0
2025-05-08,115.5,115.5,115.5,115.5,115.5,0
2025-05-09,115.5,115.5,115.5,115.5,115.5,0
2025-05-12,115.5,115.5,115.5,115.5,115.5,0
2025-05-13,115.5,115.5,115.5,115.5,115.5,0
2025-05-14,115.5,115.5,115.5,115.5,115.5,0
2025-05-15,115.5,115.5,115.5,115.5,115.5,0
2025-05-16,115.0999984741211,115.5,115.0999984741211,115.5,115.5,63505
2025-05-19,115.5,115.5,115.5,115.5,115.5,0
2025-05-20,115.5,115.5,115.5,115.5,115.5,0
2025-05-21,115.5,115.5,115.5,115.5,115.5,0
2025-05-22,115.5,115.5,115.5,115.5,115.5,0
2025-05-23,115.5,115.5,115.5,115.5,115.5,0
2025-05-26,115.5,115.5,115.5,115.5,115.5,0
2025-05-27,111.54000091552734,111.54000091552734,110.5,110.87999725341797,110.87999725341797,56691
2025-05-28,110.87999725341797,110.87999725341797,110.87999725341797,110.87999725341797,110.87999725341797,0
2025-05-29,109.0,110.87999725341797,109.0,110.87999725341797,110.87999725341797,7215
2025-05-30,109.0,113.5999984741211,109.0,113.5999984741211,113.5999984741211,3967
2025-06-02,113.5999984741211,113.5999984741211,113.5999984741211,113.5999984741211,113.5999984741211,0
2025-06-03,113.5999984741211,113.5999984741211,113.5999984741211,113.5999984741211,113.5999984741211,0
2025-06-04,111.0,114.0,111.0,114.0,114.0,131388
2025-06-05,114.0999984741211,114.0999984741211,114.0999984741211,114.0999984741211,114.0999984741211,159996
2025-06-06,114.0999984741211,114.0999984741211,114.0999984741211,114.0999984741211,114.0999984741211,0
2025-06-09,114.0999984741211,114.0999984741211,114.0999984741211,114.0999984741211,114.0999984741211,0
2025-06-10,114.0,114.0,114.0,114.0,114.0,5501
2025-06-11,114.0,114.0,114.0,114.0,114.0,0
2025-06-12,110.0,110.0,109.25,109.44000244140625,109.44000244140625,29223
2025-06-13,109.44000244140625,109.44000244140625,109.44000244140625,109.44000244140625,109.44000244140625,105
2025-06-16,109.44000244140625,109.44000244140625,109.44000244140625,109.44000244140625,109.44000244140625,0
2025-06-17,109.44000244140625,109.44000244140625,109.44000244140625,109.44000244140625,109.44000244140625,0
2025-06-18,109.4000015258789,109.4000015258789,109.4000015258789,109.4000015258789,109.4000015258789,16501
2025-06-19,109.4000015258789,109.4000015258789,109.4000015258789,109.4000015258789,109.4000015258789,0
2025-06-20,109.4000015258789,109.4000015258789,109.4000015258789,109.4000015258789,109.4000015258789,0
2025-06-23,109.4000015258789,109.4000015258789,109.4000015258789,109.4000015258789,109.4000015258789,0
2025-06-24,109.4000015258789,109.4000015258789,109.4000015258789,109.4000015258789,109.4000015258789,0
2025-06-25,109.4000015258789,109.4000015258789,109.4000015258789,109.4000015258789,109.4000015258789,0
2025-06-26,109.4000015258789,109.4000015258789,109.4000015258789,109.4000015258789,109.4000015258789,0
2025-06-27,109.4000015258789,109.4000015258789,109.4000015258789,109.4000015258789,109.4000015258789,0
2025-06-30,109.4000015258789,115.41999816894531,109.4000015258789,115.41999816894531,115.41999816894531,7456
2025-07-01,115.41999816894531,115.41999816894531,115.41999816894531,115.41999816894531,115.41999816894531,0
2025-07-02,115.41999816894531,115.41999816894531,115.41999816894531,115.41999816894531,115.41999816894531,0
2025-07-03,115.41999816894531,115.41999816894531,115.41999816894531,115.41999816894531,115.41999816894531,0
2025-07-04,115.41999816894531,115.41999816894531,115.41999816894531,115.41999816894531,115.41999816894531,0
2025-07-07,115.41999816894531,115.41999816894531,115.41999816894531,115.41999816894531,115.41999816894531,0
2025-07-08,115.41999816894531,115.41999816894531,115.41999816894531,115.41999816894531,115.41999816894531,0
2025-07-09,115.41999816894531,115.41999816894531,115.41999816894531,115.41999816894531,115.41999816894531,0
2025-07-10,115.41999816894531,115.41999816894531,115.41999816894531,115.41999816894531,115.41999816894531,0
2025-07-11,114.0,114.0,114.0,114.0,114.0,27481
2025-07-14,114.0,114.0,114.0,114.0,114.0,0
2025-07-15,114.0,114.0,114.0,114.0,114.0,0
2025-07-16,114.0,114.0,114.0,114.0,114.0,0
2025-07-17,114.0,114.0,114.0,114.0,114.0,0
2025-07-18,114.0,114.0,114.0,114.0,114.0,0
2025-07-21,114.0,114.0,114.0,114.0,114.0,0
2025-07-22,114.0,114.0,114.0,114.0,114.0,0
2025-07-23,114.0,114.0,114.0,114.0,114.0,0
2025-07-24,114.0,114.0,114.0,114.0,114.0,0
2025-07-25,114.0,114.0,114.0,114.0,114.0,0
2025-07-28,113.0,114.0,113.0,114.0,114.0,134304
2025-07-29,114.0,114.0,114.0,114.0,114.0,0
2025-07-30,114.0,114.0,114.0,114.0,114.0,0
2025-07-31,114.0,114.0,114.0,114.0,114.0,0
2025-08-01,114.0,114.0,114.0,114.0,114.0,0
2025-08-04,114.0,114.0,114.0,114.0,114.0,0
2025-08-05,114.0,114.0,114.0,114.0,114.0,0
2025-08-06,114.0,114.0,114.0,114.0,114.0,0
2025-08-07,113.0,113.0,112.9000015258789,112.98999786376953,112.98999786376953,154067
2025-08-08,112.98999786376953,112.98999786376953,112.98999786376953,112.98999786376953,112.98999786376953,0
2025-08-11,112.98999786376953,113.0,112.98999786376953,113.0,113.0,54993
2025-08-12,113.0,113.0,113.0,113.0,113.0,0
2025-08-13,109.61000061035156,112.88999938964844,109.61000061035156,112.88999938964844,112.88999938964844,302
2025-08-14,112.88999938964844,112.88999938964844,112.88999938964844,112.88999938964844,112.88999938964844,0
2025-08-15,112.88999938964844,112.88999938964844,112.88999938964844,112.88999938964844,112.88999938964844,0
2025-08-18,112.88999938964844,112.88999938964844,112.88999938964844,112.88999938964844,112.88999938964844,0
2025-08-19,112.88999938964844,112.88999938964844,112.88999938964844,112.88999938964844,112.88999938964844,0
2025-08-20,112.88999938964844,112.88999938964844,112.88999938964844,112.88999938964844,112.88999938964844,0
2025-08-21,112.88999938964844,112.88999938964844,112.88999938964844,112.88999938964844,112.88999938964844,0
2025-08-22,112.88999938964844,112.88999938964844,112.88999938964844,112.88999938964844,112.88999938964844,0
2025-08-25,112.88999938964844,112.88999938964844,112.88999938964844,112.88999938964844,112.88999938964844,0
2025-08-26,112.88999938964844,112.88999938964844,112.88999938964844,112.88999938964844,112.88999938964844,0
2025-08-27,112.88999938964844,112.88999938964844,112.88999938964844,112.88999938964844,112.88999938964844,0
2025-08-28,112.88999938964844,112.88999938964844,112.88999938964844,112.88999938964844,112.88999938964844,0
2025-08-29,112.88999938964844,112.88999938964844,112.88999938964844,112.88999938964844,112.88999938964844,0
2025-09-01,112.88999938964844,112.88999938964844,112.88999938964844,112.88999938964844,112.88999938964844,0
2025-09-02,112.88999938964844,112.88999938964844,112.88999938964844,112.88999938964844,112.88999938964844,0
2025-09-03,112.88999938964844,112.88999938964844,112.88999938964844,112.88999938964844,112.88999938964844,0
2025-09-04,112.88999938964844,112.88999938964844,112.88999938964844,112.88999938964844,112.88999938964844,0
2025-09-05,112.88999938964844,112.88999938964844,112.88999938964844,112.88999938964844,112.88999938964844,0
2025-09-08,112.47000122070312,112.48999786376953,112.0,112.47000122070312,112.47000122070312,154494
2025-09-09,110.0,110.0,110.0,110.0,110.0,109
2025-09-10,111.98999786376953,112.0,110.0,110.0,110.0,413
2025-09-11,110.0,110.0,110.0,110.0,110.0,0
2025-09-12,110.0,110.0,110.0,110.0,110.0,0
2025-09-15,110.0,110.0,110.0,110.0,110.0,0
2025-09-17,109.98999786376953,110.0,109.98999786376953,110.0,110.0,63217
2025-09-18,105.01000213623047,109.9800033569336,105.01000213623047,109.9800033569336,109.9800033569336,384
2025-09-19,109.9800033569336,109.9800033569336,109.9800033569336,109.9800033569336,109.9800033569336,0
2025-09-22,109.9800033569336,109.9800033569336,109.9800033569336,109.9800033569336,109.9800033569336,0
2025-09-23,108.0,108.0,108.0,108.0,108.0,107
2025-09-24,108.0,108.0,108.0,108.0,108.0,0
2025-09-25,108.0,108.0,108.0,108.0,108.0,0
2025-09-26,108.0,108.0,108.0,108.0,108.0,0
2025-09-29,108.0,108.0,108.0,108.0,108.0,0
2025-09-30,108.0,108.0,108.0,108.0,108.0,0
2025-10-01,108.0,108.0,108.0,108.0,108.0,0
2025-10-02,108.0,108.0,108.0,108.0,108.0,0
2025-10-03,108.0,108.0,108.0,108.0,108.0,0
2025-10-06,108.0,108.0,108.0,108.0,108.0,0
2025-10-07,108.0,108.0,108.0,108.0,108.0,0
2025-10-08,107.9800033569336,108.0,107.9800033569336,108.0,108.0,152443
2025-10-09,108.0,108.0,108.0,108.0,108.0,0
2025-10-10,108.0,108.0,108.0,108.0,108.0,0
2025-10-13,104.58000183105469,106.9800033569336,104.58000183105469,106.9800033569336,106.9800033569336,326
2025-10-14,106.94000244140625,106.9800033569336,105.97000122070312,106.9800033569336,106.9800033569336,1064
2025-10-15,106.9800033569336,106.9800033569336,106.9800033569336,106.9800033569336,106.9800033569336,0
2025-10-16,106.9800033569336,106.9800033569336,106.9800033569336,106.9800033569336,106.9800033569336,0
2025-10-17,106.9800033569336,106.9800033569336,106.9800033569336,106.9800033569336,106.9800033569336,0
2025-10-20,106.9800033569336,106.9800033569336,106.9800033569336,106.9800033569336,106.9800033569336,0
2025-10-21,106.9800033569336,106.9800033569336,106.9800033569336,106.9800033569336,106.9800033569336,0
2025-10-22,106.9800033569336,106.9800033569336,106.9800033569336,106.9800033569336,106.9800033569336,0
2025-10-23,106.9800033569336,106.9800033569336,106.9800033569336,106.9800033569336,106.9800033569336,0
2025-10-24,106.9800033569336,106.9800033569336,106.9800033569336,106.9800033569336,106.9800033569336,0
2025-10-27,106.9800033569336,106.9800033569336,106.9800033569336,106.9800033569336,106.9800033569336,0
2025-10-28,106.9800033569336,106.9800033569336,106.9800033569336,106.9800033569336,106.9800033569336,0
2025-10-29,106.9800033569336,106.9800033569336,106.9800033569336,106.9800033569336,106.9800033569336,0
2025-10-30,106.9800033569336,106.9800033569336,106.9800033569336,106.9800033569336,106.9800033569336,0
2025-10-31,103.98999786376953,103.98999786376953,103.98999786376953,103.98999786376953,103.98999786376953,150
2025-11-03,103.98999786376953,103.98999786376953,103.98999786376953,103.98999786376953,103.98999786376953,0
2025-11-04,100.0,103.95999908447266,100.0,103.95999908447266,103.95999908447266,1168
2025-11-05,103.95999908447266,103.95999908447266,103.95999908447266,103.95999908447266,103.95999908447266,0
2025-11-06,103.95999908447266,103.95999908447266,103.95999908447266,103.95999908447266,103.95999908447266,0
2025-11-07,102.0,102.0,102.0,102.0,102.0,274
2025-11-10,103.94999694824219,104.0,103.94999694824219,104.0,104.0,79829
2025-11-11,104.0,104.0,104.0,104.0,104.0,0
2025-11-12,104.0,104.0,104.0,104.0,104.0,0
2025-11-13,104.0,104.0,104.0,104.0,104.0,0
2025-11-14,104.0,104.0,104.0,104.0,104.0,0
2025-11-18,104.0,104.0,104.0,104.0,104.0,0
2025-11-19,104.0,104.0,104.0,104.0,104.0,0
2025-11-20,104.0,104.0,104.0,104.0,104.0,0
2025-11-21,104.0,104.0,104.0,104.0,104.0,0
2025-11-24,102.98999786376953,102.98999786376953,102.98999786376953,102.98999786376953,102.98999786376953,110
2025-11-25,102.98999786376953,102.98999786376953,102.98999786376953,102.98999786376953,102.98999786376953,0
2025-11-26,102.98999786376953,102.98999786376953,102.98999786376953,102.98999786376953,102.98999786376953,0
2025-11-27,103.0,103.0,103.0,103.0,103.0,174
2025-11-28,103.0,103.0,103.0,103.0,103.0,1000001
2025-12-01,103.0,103.0,103.0,103.0,103.0,0
2025-12-02,103.0,103.0,103.0,103.0,103.0,0
2025-12-03,103.0,103.0,103.0,103.0,103.0,0
2025-12-04,103.0,103.0,103.0,103.0,103.0,0
2025-12-05,103.0,103.0,102.98999786376953,103.0,103.0,670
2025-12-08,103.0,103.0,103.0,103.0,103.0,1015
2025-12-09,103.0,103.0,103.0,103.0,103.0,875
2025-12-10,102.5,103.0,102.5,103.0,103.0,1004
2025-12-11,103.0,103.0,103.0,103.0,103.0,500
2025-12-15,102.98999786376953,102.98999786376953,102.98999786376953,102.98999786376953,102.98999786376953,1001
2025-12-16,102.98999786376953,103.0,102.98999786376953,103.0,103.0,1007
2025-12-17,102.98999786376953,102.98999786376953,102.98999786376953,102.98999786376953,102.98999786376953,1007
2025-12-18,102.98999786376953,102.98999786376953,102.98999786376953,102.98999786376953,102.98999786376953,502
2025-12-19,102.98999786376953,102.98999786376953,102.98999786376953,102.98999786376953,102.98999786376953,187
2025-12-22,102.98999786376953,102.98999786376953,102.98999786376953,102.98999786376953,102.98999786376953,0
2025-12-23,102.98999786376953,102.98999786376953,102.98999786376953,102.98999786376953,102.98999786376953,0
2025-12-24,102.98999786376953,102.98999786376953,102.98999786376953,102.98999786376953,102.98999786376953,0
2025-12-26,102.98999786376953,102.98999786376953,102.98999786376953,102.98999786376953,102.98999786376953,0
2025-12-29,102.98999786376953,102.98999786376953,102.98999786376953,102.98999786376953,102.98999786376953,0
2025-12-30,102.98999786376953,102.98999786376953,102.98999786376953,102.98999786376953,102.98999786376953,0
2025-12-31,102.98999786376953,103.0,102.98999786376953,103.0,103.0,58569
2026-01-02,103.0,103.0,103.0,103.0,103.0,0
2026-01-05,103.0,103.0,103.0,103.0,103.0,0
2026-01-06,103.0,103.0,103.0,103.0,103.0,0
2026-01-07,103.0,103.0,103.0,103.0,103.0,0
2026-01-08,103.0,103.0,103.0,103.0,103.0,0
2026-01-09,102.98999786376953,102.98999786376953,102.98999786376953,102.98999786376953,102.98999786376953,145
2026-01-12,102.98999786376953,102.98999786376953,102.98999786376953,102.98999786376953,102.98999786376953,226
2026-01-13,102.98999786376953,102.98999786376953,102.98999786376953,102.98999786376953,102.98999786376953,0
2026-01-14,102.98999786376953,102.98999786376953,102.98999786376953,102.98999786376953,102.98999786376953,0
2026-01-15,102.98999786376953,102.98999786376953,102.98999786376953,102.98999786376953,102.98999786376953,0
2026-01-16,102.98999786376953,102.98999786376953,102.98999786376953,102.98999786376953,102.98999786376953,0
2026-01-19,102.98999786376953,102.98999786376953,102.98999786376953,102.98999786376953,102.98999786376953,0
2026-01-20,102.98999786376953,102.98999786376953,102.98999786376953,102.98999786376953,102.98999786376953,0
